Name,F.year,Incorporated,Panethnic,Address,Source,Website1,Website2,Website3,Contacted,Contact Details,Affiliated
Alamo Asian American Chamber Of Commerce Inc,1996,0,,"P.O. Box 17068, San Antonio, TX 78217",National Directory of Nonprofit Organizations,http://alamo-aacc.org/,,,,,
Alliance Of Asian Pacific Administrators,2017,1,,"3620 Shadow Grove Rd, Pasadena, CA 91107 USA",National Directory of Nonprofit Organizations,,,,No,No contact details,
Asian American Contractors Association Inc,1975,0,,"1167 Mission Street, 4th Floor, San Francisco, CA 94103",National Directory of Nonprofit Organizations,https://www.aaca-sf.com/,,,,,
American Association Of South Asian Neurosurgeons,2009,0,,"Milwaukee, WI 53226-3522 USA",National Directory of Nonprofit Organizations,http://www.aasan.us,,,,,
Arizona Asian American Bar Association,1993,0,,"P.O. Box 3496, Phoenix, AZ 85030",National Directory of Nonprofit Organizations,http://www.azasianbar.org,,,,,1
Asian & Pacific Islander American Chamber Of Commerce And Entrepreneur,2012,0,,"1300 Pennsylvania Avenue NW, Washington, District of Columbia 20004",National Directory of Nonprofit Organizations,,,https://www.facebook.com/nationalace/,,,
Asian American Advertising Federation Inc,2003,1,,"6230 Wilshire Blvd, #1216, Los Angeles, CA 90048",National Directory of Nonprofit Organizations,,,,Yes,"jay.kim@aaaza.com, iris@sparkeinsights.com, sandra@esadvertising.net",
Asian American Alliance Inc,1999,0,,"1000 East 116th Street, Carmel, IN 46032",National Directory of Nonprofit Organizations,http://www.aaalliance.org,,,,,
Asian American Architects Engineers,1978,0,,"1167 Mission Street, 4th Floor, San Francisco, CA 94103",National Directory of Nonprofit Organizations,http://www.aaaenc.org,,,,,
Asian American Association Of Architects And Engineers,1980,1,,"645 W 9th Street, Unit 110-175, Los Angeles, CA 90015",National Directory of Nonprofit Organizations,,,,Yes,info@aaaesc.org,
Asian American Association Of Business & Professionals Inc,2008,0,,"2488 Headhouse Square North, Bensalem, PA 19020",National Directory of Nonprofit Organizations,,,https://www.facebook.com/pg/Asian-American-Association-Of-Business-Owners-Professionals-183493331663832/about/?ref=page_internal,,,
Asian American Bar Association,1984,0,,"P.O. Box 1554, Houston, Texas 77251",National Directory of Nonprofit Organizations,https://www.aabahouston.com,,,,,1
Asian American Bar Association Of Kansas City,2005,0,,"04 West 9th Street, Suite 404, Kansas City, MO 64105",National Directory of Nonprofit Organizations,https://www.ksbar.org,,,,,1
Asian American Bar Association of Las Vegas,2002,0,,"7881 W Charleston Blvd, Suite 165, Las Vegas, NV 89117",Encyclopedia of Associations,,,https://www.facebook.com/AsianBarAssociationofLasVegas/,,,
Asian American Bar Association of Michigan,2013,1,,,Encyclopedia of Associations,,,,Yes,lalmeda@mapaba.com,1
Asian American Bar Association of New York,1989,0,,"45 Rockefeller Plaza, 20th Floor, New York, NY 10111",National Directory of Nonprofit Organizations,http://www.aabany.org,,,,,1
Asian American Bar Association of Ohio,1992,0,,"P.O. Box 14844, Cleveland, OH 44114",Encyclopedia of Associations,http://www.aabaohio.org,,,,,
Asian American Bar Association Of The Delaware Valley,1984,0,,"P.O. Box 60234, Philadelphia, PA 19102",National Directory of Nonprofit Organizations,https://apaba-pa.org,,,,,1
Asian American Bar Association Of The Greater Bay Area,1976,0,,"P.O. Box 387 San Francisco, CA 94104",National Directory of Nonprofit Organizations,https://www.aaba-bay.com,,,,,1
Asian American Bar Association Of The Greater Chicago Area,1987,0,,"321 S. Plymouth Court, Chicago, IL 60604",National Directory of Nonprofit Organizations,www.aabachicago.org,,,,,
Asian American Bar Of Houston Inc,1984,0,,"P.O. Box 1554, Houston, Texas 77251",National Directory of Nonprofit Organizations,www.aabahouston.com,,,,,
Asian American Business Development Center Inc,1994,0,,"132 Nassau Street, Suite 719 New York, NY 10038",National Directory of Nonprofit Organizations,http://www.aabdc.com,,,,,
Asian American Business Roundtable Inc,1994,0,,"132 Nassau Street, Suite 719, New York, NY 10038",National Directory of Nonprofit Organizations,http://aabusinessroundtable.org,,,,,
Asian American Business Women Association,2009,1,,"Seal Beach, CA",National Directory of Nonprofit Organizations,http://www.asianamericanbuswomen.org/about/about.htm,,,Yes,KimYenAabwa@gmail.com,
Asian American Chamber Of Commerce,1986,0,,"3201 E. Colonial Drive - Suite A20, Orlando, FL 32803",National Directory of Nonprofit Organizations,http://asianamericanchambercfl.org/,,,,,
Asian American Chamber Of Commerce Of Greater Philadelphia,2007,1,,"200 South Broad Street, Suite 910,, Philadelphia, PA 19102",National Directory of Nonprofit Organizations,,,,Yes,aaccgp@asianchamberphila.org,
Asian American Chamber Of Commerce Of South Florida Inc,2017,1,,"600 S Dixie Hwy, Suite 105, West Palm Beach, FL 33401",National Directory of Nonprofit Organizations,,,,No,No contact details,
Asian American Chamber Of Commerce Of St Louis,2011,0,,"7700 Olive Blvd., St Louis, MO 63130",National Directory of Nonprofit Organizations,http://aaccstl.org/,,,,,
Asian American Commerce Group,1993,0,,"6121 Huntley Rd, Columbus, OH 43229-1003 USA",National Directory of Nonprofit Organizations,https://www.aacg.org/,,,,,
Asian American Criminal Trial Lawyers Association,2014,0,,"1388 Sutter St #805, San Francisco, CA 94109",National Directory of Nonprofit Organizations,http://www.aactla.org,,,,,1
Asian American Government Executives Network,1993,0,,"1001 Connecticut Ave. NW, Suite 320, Washington, DC 20036",National Directory of Nonprofit Organizations,www.aagen.org,,,,,
Asian American Insurance And Financial Professional Association,2007,0,,"425 Market St, Suite 925, San Francisco, CA 94105",National Directory of Nonprofit Organizations,https://www.aaifpa.org,,,,,
Asian American Journalists Association,1981,0,,"5 Third St. Suite 1108 San Francisco, CA 94103",National Directory of Nonprofit Organizations,http://www.aaja.org,,,,,
Asian American Lead Leadership Empowerment And Development For Youth & Family,1998,0,,"1029 Vermont Avenue NW, Suite 810, Washington, DC 20005",National Directory of Nonprofit Organizations,http://www.aalead.org,,,,,
Asian American Network Of Indiana,1994,0,,"1809 Bengal Place, Lafayette, IN 47909",National Directory of Nonprofit Organizations,,,https://www.btaa.org/docs/default-source/reports/asianamericanstudiesreport.pdf?sfvrsn=b7736a8b_0,,,
Asian American Nurses Association Of Southern California,2015,1,,"921 S Baldwin Ave, Suite E, Arcadia, CA 91007-1301 USA",National Directory of Nonprofit Organizations,,,,No,No contact details,
Asian American Optometric Society Inc,1972,0,,"P.O. Box 660577, Arcadia, CA 91066",National Directory of Nonprofit Organizations,http://www.asianamericanoptometricsociety.org,,,,,
Asian American Pacific Islander Nurses Association Inc,1992,0,,"Las Vegas, NV 89154-9900 USA",National Directory of Nonprofit Organizations,http://aapina.org/,,,,,
Asian American Physicians Association,1995,1,,"Rch Palos Vrd, CA 90275-4727 USA",National Directory of Nonprofit Organizations,,https://www.guidestar.org/profile/33-0437122,,No,No contact details,
Asian American Professional Association,1999,0,,"13875 Cerritos Corporate Dr, Cerritos, California 90703",National Directory of Nonprofit Organizations,www.aapamentoring.com,,,,,
Asian American Psychological Association,1972,0,,"9393 N 90th St, Suite 102, Scottsdale, AZ 85258 USA",National Directory of Nonprofit Organizations,https://aapaonline.org/about/,,,,,
Asian American Retailers Association,2005,0,,"242 Old New Brunswick Road, Suite 440, Piscataway, NJ 08854",National Directory of Nonprofit Organizations,http://www.aarausa.com,,,,,
Asian American Success Incorporated,2006,0,,"6521 Arlington Blvd., Suite 401, Falls Church, VA 22042 USA",National Directory of Nonprofit Organizations,http://aasuccess.org,,,,,
Asian American Writers Workshop Inc,1991,0,,"112 W 27th St Suite 600, New York, NY 10001",National Directory of Nonprofit Organizations,http://www.aaww.org,,,,,
Asian American-Pacific Islanders In Philanthropy,1991,0,,"300 Frank H. Ogawa Plaza, Suite 256, Oakland CA 94612",National Directory of Nonprofit Organizations,http://www.aapip.org,,,,,
"Asian Americans In Energy, The Environment And Commerce",2013,1,,"P.O. Box 57132, Washington, DC 20037 USA",National Directory of Nonprofit Organizations,,,,Yes,info@ae2c.org,
Asian Americans In Public Finance Inc,2003,0,,"Los Angeles, CA 90071-2300 USA",National Directory of Nonprofit Organizations,http://www.asianamericansinpublicfinance.org/history/,,,,,
Asian Association Of Alternative Investment Professionals,2005,0,,"175 E 96th St, Apt 30M, New York, NY 10128",National Directory of Nonprofit Organizations,http://www.aaaip.org,,,,,
Asian Business Association Of Orange County,1992,0,,"3943 Irvine Blvd. #14, Irvine, CA 92602",National Directory of Nonprofit Organizations,http://www.abaoc.org,,,,,
Asian Business Association of San Diego,1990,0,,"8300 Boone Blvd, Suite 450, Tysons Corner, VA 22182",National Directory of Nonprofit Organizations,https://www.linkedin.com/company/asian-business-association-of-san-diego,,,No,No contact details,
Asian Business Association Of Silicon Valley Inc,2011,0,,"1098 Foster City Blvd, Suite 106 # 158, Foster City, CA 94404",National Directory of Nonprofit Organizations,https://ezxpo.net/abaofsv,,,,,
Asian Business Center,2007,0,,"767 N. Hill Street, Suite 308, Los Angeles, CA 90012",National Directory of Nonprofit Organizations,www.asianbusinesscenter.org,,,,,
Asian Business Institute And Resource Center,2008,0,,"7035 North Fruit Ave., Fresno, CA 93711",National Directory of Nonprofit Organizations,http://fresnoabirc-1347082944.us-west-2.elb.amazonaws.com/,,,,,
Asian Business League,1980,0,,"P.O. Box 191345 San Francisco, CA 94119-1345",National Directory of Nonprofit Organizations,http://www.ablsf.org,,,,,
Asian Business League of Southern California,1984,0,,"904 Silver Spur Road Suite 683, Rolling Hills, California 90274",National Directory of Nonprofit Organizations,,,https://www.facebook.com/pg/AsianBusinessLeagueSoCal/about/?ref=page_internal,,,
Asian Businessmen's Association,1990,0,,"7675 Dagget Street, Suite 340 • San Diego, CA 92111",National Directory of Nonprofit Organizations,http://www.abasd.org,,,,,
Asian Chamber Of Commerce,1990,0,,"410 Pierce Street, Houston, TX 77002",National Directory of Nonprofit Organizations,http://www.asianchamber-hou.org/,,,,,
Asian Chamber Of Commerce,1984,0,,"924 West Colfax Avenue, Suite 104-G Denver, CO 80204",National Directory of Nonprofit Organizations,https://www.acccolorado.org/,,,,,
Asian Chamber of Commerce,1986,0,,"6431 West Sahara Avenue, Suite 280, Las Vegas, NV 89146",National Directory of Nonprofit Organizations,https://www.lvacc.org/history,,,,,
Asian Chamber Of Commerce Inc,1993,0,,"1305 E Hatcher Rd, Phoenix, AZ 85020",National Directory of Nonprofit Organizations,https://azasianchamber.com/,,,,,
Asian Chamber Of Commerce Of Acadiana,2017,0,,"700 Saint John St, 5th FL, Lafayette, LA 70501",National Directory of Nonprofit Organizations,https://www.accala.org/,,,,,
Asian Commercial Professionals Inc,2003,0,,"3350 Scott Blvd Bldg 27, Santa Clara, CA 95054",National Directory of Nonprofit Organizations,,,https://www.facebook.com/pg/asiancompro/about/?ref=page_internal,,,
Asian Contractor Association,1996,0,,"4201 Ed Bluestein Blvd # 2105, Austin, TX 78721",National Directory of Nonprofit Organizations,http://www.acta-austin.com,,,,,
Asian Financial Society,1984,0,,"P.O. Box 357, Church Street Station, New Yrok， NY 10008",National Directory of Nonprofit Organizations,https://www.afstoday.org/,,,,,
Asian Food Trade Association,1992,0,,"15939 East Valley Blvd, City Of Industry, CA 91744",National Directory of Nonprofit Organizations,http://www.asianfoodtrade.org,,,,,
Asian Gang Investigators Association Of California,1989,0,,"West Covina, CA 91791 USA",National Directory of Nonprofit Organizations,,,https://www.facebook.com/pg/AsianGangInvestigatorAssociationOfCa/about/?ref=page_internal,,,
Asian Pacific Alliance Of County Employees,2013,0,,"O-176, Air Pollution and Control District, San Diego, CA",National Directory of Nonprofit Organizations,https://apacesd.weebly.com/,,,,,
Asian Pacific American Bar Assoc Of The Greater Washington Dc Area Inc,1981,0,,"P.O. Box 27223, Washington, DC 20038",National Directory of Nonprofit Organizations,https://www.apaba-dc.org/about-us,,,,,1
Asian Pacific American Bar Association Of Central Ohio,2006,0,,"P.O. Box 2885, Columbus, OH 43216",National Directory of Nonprofit Organizations,http://www.apabaco.org/contact.html,,,,,1
Asian Pacific American Bar Association of Colorado,1990,0,,"8480 E Orchard Road, Suite 2000, Greenwood Village, CO 80111",Encyclopedia of Associations,http://www.apaba-co.org,,,,,1
Asian Pacific American Bar Association Of Los Angeles County,1998,0,,"1145 Wilshire Blvd, Fl 2nd, Los Angeles, California 90017",National Directory of Nonprofit Organizations,http://apaba.org,,,,,
Asian Pacific American Bar Association Of Maryland Inc,2016,0,,"200-B Monroe St., Rockville, MD 20850",National Directory of Nonprofit Organizations,http://www.apaba-md.com,,,,,1
Asian Pacific American Bar Association of Solano County,NA,NA,,"P.O. Box 2854, Fairfield, CA 94533",Encyclopedia of Associations,http://www.apabasolanocounty.com/installation-dinner/,,,Yes,apabasolanocounty@gmail.com,
Asian Pacific American Bar Association Of South Florida Inc,2004,0,,"6400 North Andrews Avenue, Suite 500, Fort Lauderdale, FL 33309",National Directory of Nonprofit Organizations,,,,Yes,apabasouthflorida@gmail.com,1
Asian Pacific American Bar Association of Tampa Bay,2006,1,,"3804 W. North B St., Tampa, FL 33609",Encyclopedia of Associations,http://search.sunbiz.org/Inquiry/CorporationSearch/SearchResultDetail?inquirytype=EntityName&directionType=Initial&searchNameOrder=ASIANPACIFICAMERICANBARASSOCIA%20N060000126340&aggregateId=domnp-n06000012634-75cc744e-dd38-4fb6-9dc0-b52ed04bb4d6&searchTerm=asian%20pacific%20american%20bar%20association&listNameOrder=ASIANPACIFICAMERICANBARASSOCIA%20N040000038770,,,Yes,https://apabatb.com/contact/,
Asian Pacific American Bar Association Of Virginia Inc,1998,0,,"8444 Westpark Drive, Mclean, VA 22102",National Directory of Nonprofit Organizations,https://www.apabava.org,,,,,1
Asian Pacific American Chamber Of Commerce,2004,0,,"3204 Tower Oaks Boulevard, Suite 208A, Rockville, Maryland 20852",National Directory of Nonprofit Organizations,http://www.apacc.us/index.htm,,,,,
Asian Pacific American Chamber Of Commerce,2000,0,,"27055 Orchard Lake Rd, Bldg M - Rm 208, Farmington Hills, MI 48334",National Directory of Nonprofit Organizations,www.apacc.net,,,,,
Asian Pacific American Chamber Of Commerce Of Oregon And Sw Wa,2009,0,,"P.O. Box 20476, Portland, OR",National Directory of Nonprofit Organizations,,,https://www.facebook.com/pg/weareapacc/about/?ref=page_internal,No,Contact page malfunction,
Asian Pacific American Council Of Georgia Inc,1985,0,,"3510 Shallowford Road, NE, Atlanta, GA 30341 USA",National Directory of Nonprofit Organizations,,,https://www.facebook.com/pg/svarinee/about/?ref=page_internal,,,
Asian Pacific American Institute For Congressional Studies Inc,1994,0,,"1001 Connecticut Avenue, NW | Suite 320 | Washington, DC 20036",National Directory of Nonprofit Organizations,http://www.apaics.org,,,,,
Asian Pacific American Lawyer Assoc Of Nj,1985,0,,"494 Broad Street, Suite 210, Newark, NJ 07102",National Directory of Nonprofit Organizations,http://www.apalanj.org,,,,,1
Asian Pacific American Leadership Institute,1997,0,,"21250 Stevens Creek Blvd., Cupertino, CA 95014 USA",National Directory of Nonprofit Organizations,http://www.apali.org/our-story.html,,,,,
Asian Pacific American Network Of Oregon,1996,0,,"2788 SE 82nd Ave Suite 203, Portland, Oregon, 97266",National Directory of Nonprofit Organizations,http://www.apano.org/,,,,,
Asian Pacific American Women Lawyers Alliance,2014,1,,"P.O. Box 711016, Los Angeles, CA 90071",National Directory of Nonprofit Organizations,https://www.guidestar.org/profile/38-3874900,,,Yes,info@apawla.org,1
Asian Pacific Bar Association Of Silicon Valley,2007,1,,"P.O. Box 60988, Palo Alto, California 94306",National Directory of Nonprofit Organizations,https://www.guidestar.org/profile/61-1515075,,,Yes,apabasv@gmail.com,1
Asian Pacific Island Organization,1998,0,,"5630 South Broadway Street, Eureka, CA 95503",National Directory of Nonprofit Organizations,http://www.apio.org,,,,,
Asian Pacific Islander Capitol Association,2014,1,,"1017 L St, #717, Sacramento, CA 95814 USA",https://www.guidestar.org/profile/38-3890413,,,,Yes,apicapresident@gmail.com,
Asian Pacific Islander Small Business Program Incorporated,1999,0,,"231 E. 3rd St. #G106, Los Angeles, CA 90013",National Directory of Nonprofit Organizations,http://www.apisbp.org,,,,,
Asian Professional Exchange,1996,0,,"1137 Wilshire Boulevard Los Angeles, CA 90017",National Directory of Nonprofit Organizations,http://www.apex.org,,,,,
Asian Professionals Organization,2006,0,,"P.O. Box 230432, Grand Rapids MI 49523-0432",National Directory of Nonprofit Organizations,http://www.wm-aaa.org/cmspage/history/11,,,,,
Asian Real Estate Association of America,2003,0,,"3990 Old Town Avenue C304 San Diego, CA 92110",National Directory of Nonprofit Organizations,http://www.areaa.org,,,,,
Asian Restaurant Council Of America,2005,0,,"2140 Peachtree Road Suite 290, Atlanta, GA 30309",National Directory of Nonprofit Organizations,http://www.asianrestaurantcouncil.org/,,,,,
Asian State Employees Association,1975,0,,"P.O. Box 22909, Sacramento, CA  95822-2909",National Directory of Nonprofit Organizations,http://www.apsea.org,,,,,
Asian Union Election Committee,2014,0,,"9550 Flair Dr Suite 302, El Monte, CA 91731 USA",National Directory of Nonprofit Organizations,,,https://www.facebook.com/pg/Asian-Union-Election-Committee-Education-Fund-604211066372798/about/?ref=page_internal,,,
Asian Women Entrepreneurs,2005,0,,"9070 Irvine Center Drive, Unit 145, Irvine, CA 92618",National Directory of Nonprofit Organizations,http://www.aweoc.com,,,,,
Asian Women In Business Inc,1995,0,,"39 East 31st Street, 4 Flr, New York, New York 10016",National Directory of Nonprofit Organizations,http://www.awib.org,,,,,
Asian Women Leadership Network Inc,2004,0,,"3335 190th St, Flushing, NY 11358",National Directory of Nonprofit Organizations,http://www.asianwomenleadershipnetwork.com,,,,,
Asian-American Chamber Of Commerce of Kansas City,1998,0,,"8645 College Boulevard, Suite 110, Overland Park, KS 66210",National Directory of Nonprofit Organizations,http://www.asianchamberkc.com,,,,,
Asian-American Coalition For Achievement In Business Inc,1994,1,,"18 Farmington Court, Chevy Chase, MD 20815",National Directory of Nonprofit Organizations,https://www.charitynavigator.org/index.cfm?bay=search.profile&ein=521883248,,,No,No contact details,
Asian-American Institute For Research And Education,1997,0,,"436 Seventh Avenue, Pittsburgh, PA 15219-1818",National Directory of Nonprofit Organizations,http://asiaminstitute.org/,,,,,
Asian-American Lawyers Association Of Massachusetts Inc,1984,0,,"16 Beacon Street, Boston, MA 02108-3774",National Directory of Nonprofit Organizations,https://aalam.wildapricot.org,,,,,1
Asian-American National Committee Inc,2000,0,,"P.O. Box 240883, Dorchester, MA 02124-0015 USA",National Directory of Nonprofit Organizations,https://www.aancinc.org,,,,,
Asian-American Prosecutors Association,2012,1,,"P.O. Box 1936, Oakland, CA 94604",National Directory of Nonprofit Organizations,https://www.guidestar.org/profile/45-3535973,,,Yes,asianamericanprosecutors@gmail.com,1
Asian-Pacific American Librarians Association,1975,0,,"P.O. Box 677593, Orlando, FL 32867-7593 USA",National Directory of Nonprofit Organizations,http://www.apalaweb.org/about/,,,,,
Asian-Pacific Bar Association Of Sacramento,1981,0,,"P.O. Box 2215 Metro Station Sacramento, CA 95812-2215",National Directory of Nonprofit Organizations,http://abassacramento.com/about-abas/,,,,,1
Association Of Asian American Educators Inc,1994,0,,"25909 Pala Place, Suite 330, Mission Viejo, CA 92691",https://www.aaeteachers.org/index.php/about-us,,,,,,
Association of Asian American Investment Managers,2006,0,,"50 California Street Suite 2320, San Francisco, CA 94111",National Directory of Nonprofit Organizations,http://www.aaaim.org,,,,,
Austin Asian American Bar Association,2006,0,,"816 Congress Avenue, 7th Floor., Austin, TX 78701",National Directory of Nonprofit Organizations,http://www.austinaaba.org/about-us.html,,,,,1
Austin Asian American Chamber Of Commerce,2012,0,,"8001 Centre Park Drive #160, Austin, TX 78754",National Directory of Nonprofit Organizations,,,,Yes,http://www.austinasianchamber.org/contact/,
Big D Asian Dental Association,2011,1,,"10333 Woodford Dr, Dallas, TX 75229",National Directory of Nonprofit Organizations,https://www.guidestar.org/profile/27-2707360,,,No,No contact details,
California Asian American Professional Society,2016,0,,"4191 Power Inn Rd, Sacramento, CA 95826",National Directory of Nonprofit Organizations,,,https://www.facebook.com/pg/ACAAPS.org/about/?ref=page_internal,,,
California Asian Insurance & Finance Professional Association,1986,0,,"P.O. Box 6878, Rosemead, CA 91770",National Directory of Nonprofit Organizations,http://www.caifpa.org/contactus.html,,,,,
California Asian Pacific Chamber Of Commerce,2008,1,,"2331 Alhambra Blvd, Suite 100, Sacramento, CA 95817",National Directory of Nonprofit Organizations,https://www.guidestar.org/profile/38-3737264,,,Yes,http://www.calasiancc.org/contact-us/,
California Association for Asian and Pacific American Education,1994,0,,"2335 Plaza Del Amo, Torrance, CA 90509",Encyclopedia of Associations,http://sites.google.com/site/caapae/home,,,,,
Carolinas Asian American Chamber Of Commerce Inc,1999,0,,"P.O. Box 39188, Charlotte NC 28278",National Directory of Nonprofit Organizations,http://www.caacc.com/about/history/,,,,,
Center For Asian Americans United For Self-Empowerment Inc,1993,0,,"1605 W. Olympic Boulevard, Suite 1027, Los Angeles, CA 90015",National Directory of Nonprofit Organizations,www.causeusa.org,,,,,
Central California Asian Pacific Women,1980,0,,"P.O. Box 26803, Fresno, CA 93729 USA",National Directory of Nonprofit Organizations,http://ccapw.org/about/,,,,,
Central Valley Asian-American Chamber Of Commerce,2000,0,,"178 W. Adams St., Stockton, CA 95204",National Directory of Nonprofit Organizations,https://cvacc.org/,,,,,
Coalition Of Asian American Business Organization,2005,0,,1300 Pennsylvania Avenue NW #700 Washington DC 20004,National Directory of Nonprofit Organizations,http://www.caabo-us.org/about-us/,,,,,
Colorado Asian Pacific American Bar,1990,0,,"8480 E Orchard Road, Suite 2000, Greenwood Village, CO 80111",National Directory of Nonprofit Organizations,,,https://www.facebook.com/pg/asianpacificamericanbarassociationofcolorado/about/?ref=page_internal,,,
Conference On Asian Pacific American Leadership,1989,0,,"1875 Connecticut Ave NW, 12th Floor #12183, Washington, DC 20009",National Directory of Nonprofit Organizations,,,https://www.facebook.com/pg/capaldc/about/?ref=page_internal,,,
Connecticut Asian Pacific American Bar Association,2000,0,,"Day Pitney LLP, One Canterbury Green, 201 Broad Street, Stamford, CT 06901",National Directory of Nonprofit Organizations,http://capaba.org,,,,,1
Corporate Asian American Employee Network,2004,0,,"P.O. Box 2704, San Ramon, CA 94583",National Directory of Nonprofit Organizations,http://www.caaen.org/,,,,,
Dallas Asian American Bar Association,1988,0,,"2101 Ross Avenue, Dallas, TX 75201",Encyclopedia of Associations,http://www.daaba.org,,,,,1
Federal Asian Pacific American Council Fapac,1985,0,,"P.O. Box 23184, Washington, DC 20026-3184 USA",National Directory of Nonprofit Organizations,https://www.fapac.org/about,,,,,
Georgia Asian Pacific American Bar Association,1992,0,,"Empire State South, 999 Peachtree St. NE #140, Atlanta, GA 30309",Encyclopedia of Associations,http://www.gapaba.org,,,,,1
Greater Dallas Asian American Chamber Of Commerce,1986,0,,"1402 Corinth Street, Suite 1070, Dallas, TX 75215",National Directory of Nonprofit Organizations,http://www.gdaacc.com,,,,,
Greater Orlando Asian American Bar Association,2009,0,,"P.O. Box 2652, Orlando, FL 32802",National Directory of Nonprofit Organizations,https://goaaba.org,,,,,1
Houston Asian American Dental Society,1998,0,,"P.O. Box 941082, Houston, TX 77094",National Directory of Nonprofit Organizations,https://hadsdental.org/wp/,,,,,
Inland Empire Asian Business Association Inc,2009,0,,"P.O. Box 984, Corona,  CA  92878",National Directory of Nonprofit Organizations,http://www.abaie.org/,,,,,
Los Angeles County Asian American Employees Association,1972,0,,"404 S Figueroa St, Los Angeles, CA 90071",National Directory of Nonprofit Organizations,https://twitter.com/lacaaea,,,Yes,https://www.lacaaea.com/contact-us,
Louisiana Asian Pacific American Bar Association,2009,0,,"601 St Charles Ave, New Orleans, Louisiana",Encyclopedia of Associations,,,https://www.facebook.com/pg/LAPABA-Louisiana-Asian-Pacific-American-Bar-Association-494445615076/about/?ref=page_internal,,,1
Michigan Asian Pacific American Bar Association,1985,0,,"45781 Bryn Mawr Rd, Canton, MI 48187",National Directory of Nonprofit Organizations,,,https://www.facebook.com/Michigan-Asian-Pacific-American-Bar-Association-MAPABA-210803015621018/,,,1
Minnesota Asian Pacific American Bar Association,1989,0,,"600 Nicollet Mall, Suite 380, Minneapolis, MN 55402",Encyclopedia of Associations,http://www.mnapaba.org,,,,,1
Missouri Asian-American Bar Association,2001,0,,"100 S 4th St, Suite 1000, Saint Louis, MO 63102",National Directory of Nonprofit Organizations,http://maaba-law.org,,,,,1
Monte Jade Science and Technology Association of Greater Washington,1993,0,,"1015 15th Street NW, Suite 1050, Washington, DC 20005",Encyclopedia of Associations,,,,Yes,https://www.montejadedc.org/#membership,
Naples Asian Professionals Association Inc,2000,0,,1825 SE 7th St. Cape Coral FL 33990-1670,National Directory of Nonprofit Organizations,,,,Yes,NAPAPearlCruz@gmail.com,
National Asian Pacific American Bar Association,1989,0,,"1612 K Street NW, Suite 510, Washington, DC 20006",National Directory of Nonprofit Organizations,http://www.napaba.org,,,,,
National Asian Pacific Islander Prosecutors Association,1980,0,,"70 W Hedding St, San Jose, CA 95110",National Directory of Nonprofit Organizations,http://www.napipa.org,,,,,
National Asian Peace Officers Association,1980,0,,"1875 I Street NW, Suite #500, Washington, DC 20006",National Directory of Nonprofit Organizations,http://napoablue.org/contact/,,,,,
National Council Of Asian Pacific Islander Physicians,2006,0,,"1190 Mission St #712, San Francisco, CA 94103-1675 USA",National Directory of Nonprofit Organizations,,,https://www.facebook.com/pg/PhysicianVoice/about/?ref=page_internal,,,
Network of Asian American Organizations,1996,0,,"7908 Cameron Rd, Austin, Texas 78754",National Directory of Nonprofit Organizations,http://www.naaotexas.org/,,,,,
Network Of South Asian Professionals Of Boston Inc,1995,0,,"P.O. Box 1704, Brookline , MA 02446",National Directory of Nonprofit Organizations,,,https://www.facebook.com/pg/netsapboston/about/?ref=page_internal,,,
North East Asian American Retailers Association Inc,2007,0,,"128 Wheeler Road, Burlington, MA 01803",National Directory of Nonprofit Organizations,http://neaara.com,,,,,
North Texas Asian Photographers Association,2003,0,,"1201 International Pkwy #200, Richardson, TX 75081",National Directory of Nonprofit Organizations,http://ntapa.com/,,,,,
Northern California Asian Dental Association,2012,1,,"100 Forest Knolls Drive, San Francisco, CA 94131",National Directory of Nonprofit Organizations,https://www.guidestar.org/profile/94-3307339,,,Yes,ncada88@gmail.com,
Orange County Asian American Bar Association,1993,0,,"P.O. Box 6130, Newport Beach, CA 92658",National Directory of Nonprofit Organizations,www.ocaaba.org,,,,,1
Orange County Asian and Pacific Islander Community Alliance Inc,1997,0,,"12912 Brookhurst St, Suite 410, Garden Grove, CA 92840",National Directory of Nonprofit Organizations,http://www.ocapica.org,,,,,
Orange County Asian Police Officers Association Inc,2011,1,,"P.O. Box 426, Westminster, CA, 92684-0426",National Directory of Nonprofit Organizations,https://www.guidestar.org/profile/27-2420622,,,No,No contact details,
Oregon Asian Pacific American Bar Association,2009,0,,"P.O. Box 1728, Portland, OR 97207",National Directory of Nonprofit Organizations,http://www.millernash.com/miller-nash-attorneys-help-found-oregon-asian-pacific-american-bar-association-oapaba-07-01-2009/,,,Yes,secretary@oapaba.org,1
Pacific Asian American Women Bay Area Coalition Paawbac,1980,0,,"450 Taraval St. PMB 283, San Francisco, CA 94116-2530",National Directory of Nonprofit Organizations,http://www.paawbac.org,,,,,
Pan Asian Lawyers Of San Diego,1986,1,,"P.O. Box 82784, San Diego, CA 92138",National Directory of Nonprofit Organizations,https://www.guidestar.org/profile/33-0148243,,,Yes,info@palsd.org,1
Sacramento Asian-Pacific Chamber Of Commerce,2002,1,,"2331 Alhambra Blvd, Suite 100",National Directory of Nonprofit Organizations,https://www.guidestar.org/profile/01-0556446,,,Yes,info@sacasiancc.org,
San Diego Pan-Pacific Law Enforcement Association,1993,0,,"PO Box 122924 San Diego, CA. 92112",Encyclopedia of Associations,http://www.sdpanpac.org,,,,,
Society Of Asian Academic Surgeons,2012,0,,"257 Campus Dr, Stanford, CA 94305",National Directory of Nonprofit Organizations,https://www.asiansurgeon.org/,,,,,
Society of Asian Scientists and Engineers,2007,0,,"Lind Hall Rm 102, 207 Church Street SE, Minneapolis, MN 55455",National Directory of Nonprofit Organizations,,,,Yes,ideas@saseconnect.org,
South Asian Bar Association of North America,2003,0,,"P.O. Box 2733, San Francisco, CA 94126",National Directory of Nonprofit Organizations,,,https://www.facebook.com/pg/SABAlegal/about/?ref=page_internal,,,
South Asian Chamber of Commerce,1993,0,,"P.O. Box 820482, Houston, TX 77282",National Directory of Nonprofit Organizations,https://sacchouston.org/,,,,,
South Asian Journalists Association Inc,1994,0,,"Columbia University Graduate School of Journalism, New York, New York 10020",National Directory of Nonprofit Organizations,http://www.saja.org/,,,,,
Tarrant County Asian American Chamber Of Commerce,1990,0,,"1818 E. Pioneer Pkwy #100, Arlington, TX 76010",National Directory of Nonprofit Organizations,http://www.tcaacc.com,,,,,
Tennessee Asian Pacific American Bar Association,2007,0,,,Encyclopedia of Associations,https://sites.google.com/site/teresawchan/,,,,,1
Texas Asian Chamber of Commerce,1997,1,,"P.O. Box 26918, Austin, TX 78755",National Directory of Nonprofit Organizations,https://www.guidestar.org/profile/74-2775275,,,No,No contact details,
Texas Federation Of Asian American Chambers Of Commerce,2004,0,,"7908 Cameron Rd, Austin, TX 78754",National Directory of Nonprofit Organizations,,,https://www.businesswire.com/news/home/20040422005941/en/Texas-Asian-American-Business-Leaders-Converge-Public,,,
The Center for Asian Pacific American Women,1996,0,,"75 Broadway Suite 202, San Francisco, California 94111",National Directory of Nonprofit Organizations,http://www.apawomen.org,,,,,
The National Association Of Young Asian Professionals Inc,1982,0,,"4850 Sugarloaf Parkway, Suite 209-289, Lawrenceville, GA 30044",National Directory of Nonprofit Organizations,http://www.naaap.org/about-us/about-naaap/,,,,,
United Airlines Asian American Employees Association,2001,1,,"7509 Keystone Ave, Skokie, IL 60076-3928",National Directory of Nonprofit Organizations,https://www.guidestar.org/profile/31-1764595,,,No,No contact details,
Us Pan Asian American Chamber Of Commerce,1984,0,,"1329 18th Street NW Washington, DC 20036",National Directory of Nonprofit Organizations,https://uspaacc.com/,,,,,
Utah Asian Chamber of Commerce,2005,0,,"P.O. Box 3178, Salt Lake City, UT 84110-3178",National Directory of Nonprofit Organizations,https://voices-of-utah.com/2010/11/23/the-birth-of-the-utah-asian-chamber-of-commerce/,,,Yes,info@utahasianchamber.com,
Virginia Asian American Store Owners Association,2010,0,,"5400 Jefferson Davis Hwy, Richmond VA 23234",Encyclopedia of Associations,http://www.vaaasoa.com,,,,,
Virginia Asian Chamber of Commerce,2004,0,,"14214 Washington Hwy, Ashland, VA 23005 USA",National Directory of Nonprofit Organizations,,,https://www.facebook.com/pg/vaccommerce/about/?ref=page_internal,,,
Washington Asian Healthcare Professional Association,2011,0,,"P.O. Box 40087, Bellevue, WA, 98015-4087",National Directory of Nonprofit Organizations,,,https://www.facebook.com/WAHPA-Washington-Asian-Healthcare-Professional-Association-213453935358194/,,,
WEAMA Washington East Asian Medicine Association,1985,0,,"1401 Marvin Rd NE, Suite 307 #172, Lacey, WA 98516 USA",National Directory of Nonprofit Organizations,,,,Yes,info@weama.info,