Name,F.year,Address,States,City,County,Type
Latino Education Task Force,2014,"7008 ARROYO DEL OSO AVE NE ALBUQUERQUE, NM 87109 ",NM,ALBUQUERQUE,BERNALILLO,Hybrid
Latino Sustainability Institute,2010,"500 COPPER AVE NW STE 103 ALBUQUERQUE, NM 87102",NM,ALBUQUERQUE,BERNALILLO,Advocacy
New Mexico Alliance For Hispanic Education,1993,"Albuquerque, NM 87199-3656",NM,ALBUQUERQUE,BERNALILLO,CBO
Hispanic Institute For Blindness Prevention,2011,"6911 Richmond Hwy Alexandria, VA 22306-1842",VA,ALEXANDRIA,ALEXANDRIA,CBO
National Hispanic Environmental Council,1996,"106 N Fayette St, Alexandria, VA 22314",VA,ALEXANDRIA,ALEXANDRIA,Advocacy
Alhambra Latino Association,1995,,CA,ALHAMBRA,LOS ANGELES,CBO
Chicano A Latino A Educational Foundation,2012,,CA,ALHAMBRA,LOS ANGELES,CBO
Hispanic American Organization,1976,,PA,ALLENTOWN,LEHIGH,CBO
Hispanic Health Coalition of Georgia,1990,"11175 Cicero Dr Ste 100 Alpharetta, GA 30022-11",GA,ALPHARETTA,FULTON,Hybrid
Hispanic Affairs Council of Alaska,2007,,AK,ANCHORAGE,ANCHORAGE,CBO
Mi Raza Community Center,2004,"113 Collins Street, Arcola, IL 61910",IL,ARCOLA,DOUGLAS,CBO
Latino Behavioral Health Institute,1996,"9820 Woodman Ave Arleta, CA 91331-5047 ",CA,ARLETA,LOS ANGELES,CBO
National Alliance For Hispanic Families,2014,"Arlington, VA 22204-8408",VA,ARLINGTON,ARLINGTON,Hybrid
North Texas Young Latino Leaders,2015,"2602 HOLLYWOOD DR ARLINGTON, TX 76013",TX,ARLINGTON,TARRANT,CBO
Hispanic Affairs and Resource Center of Monmouth County,1980,"913 Sewall Ave, Asbury Park, NJ 07712",NJ,ASBURY PARK,MONMOUTH,CBO
Coalicion Latina del Condado de Randolph,2004,"Asheboro, NC 27204",NC,ASHEBORO,RANDOLPH,CBO
Lower Columbia Hispanic Council,1998,"Astoria, OR 97103-1029",OR,ASTORIA,CLATSOP,Hybrid
Athens Latino Center For Education And Services,2010,"445 Huntington Road, Athens, GA 30606",GA,ATHENS,CLARKE,CBO
GALEO Latino Community Development Fund,2005,"Atlanta, GA 30359-0506",GA,ATLANTA,FULTON,Hybrid
Georgia Latino Alliance for Human Rights,2001,"7 Dunwoody Park #110, Atlanta, GA 30341",GA,ATLANTA,FULTON,Hybrid
Latin American Association,1972,"2750 Buford Hwy. Atlanta, GA 30324",GA,ATLANTA,FULTON,CBO
Latino Leadership Council,2007,2945 Bell Road 274 Auburn CA 95603-2540,CA,AUBURN,PLACER,CBO
Asociacion Latina De Servicios Del Csra,2005,"Augusta, GA 30903-0599",GA,AUGUSTA,RICHMOND,CBO
American GI Forum,1948,"1000 Brazos St Suite 200 Austin, TX 78701",TX,AUSTIN,TRAVIS,Hybrid
Austin Latino A Lesbian and Gay Organization,1985,"701 Tillery St, Austin, TX 78702",TX,AUSTIN,TRAVIS,Advocacy
Board of Hispanic Caucus Chairs,2002,,TX,AUSTIN,TRAVIS,Advocacy
Latina Mami,2000,"1806 West Stassney Lane, Austin, Texas",TX,AUSTIN,TRAVIS,Hybrid
Latino Healthcare Forum,2010,"6601 Felix Ave Austin, TX 78741-2408",TX,AUSTIN,TRAVIS,CBO
Mexican American Legislative Policy Council,1995,202 W 13th st Austin TX 78701,TX,AUSTIN,TRAVIS,Advocacy
MI Tierra Es Latina,2003,,TX,AUSTIN,TRAVIS,CBO
Texas Latino Council of the Deaf and Hard of Hearing,2005,,TX,AUSTIN,TRAVIS,CBO
Kern County Hispanic Commission On Alcohol And Drug Abuse Services,2003,1400 Easton Dr Ste 151 Bakerfield CA 93309-9406,CA,BAKERSFIELD,KERN,CBO
Latina Leaders of Kern County,1998,,CA,BAKERSFIELD,KERN,CBO
Latino Coalition for Community Leadership,2003,"901 Sacramento St Bakerfiled, CA 93305-4243",CO,BAKERSFIELD,KERN,CBO
Latino Interactive Voter Education Project,2014,,CA,BAKERSFIELD,KERN,Advocacy
Education Based Latino Outreach,1980,"606 S Ann St, Baltimore, MD 21231",MD,BALTIMORE,BALTIMORE,CBO
Latino Providers Network,1992,"149 N Luzerne Ave Baltimore, MD 21224-1148 ",MD,BALTIMORE,BALTIMORE,Hybrid
Us Hispanic Youth Entrepreneurship and Education Foundation,2006,"601 Alluvion St Baltimore, MD 21230-2035",MD,BALTIMORE,BALTIMORE,CBO
Hispanic Community Advisory Committee,2014,,IN,BATESVILLE,FRANKLIN,CBO
Alianza Latina,2015,,LA,BATON ROUGE,EAST BATON ROUGE PARISH,CBO
Latino Service Providers Coalition,2004,"417 Harrison Ave, Beloit, WI 53511",WI,BELOIT,ROCK,CBO
Central Oregon Latino Scholarship Fund,2012,"2429 NW DORION WAY, BEND OR 97701-7051",OR,BEND,DESCHUTES,CBO
Latino Community Association,2000,,OR,BEND,DESCHUTES,CBO
Latino Issues Forum,1987,"1918 University Avenue, Suite 3D, Berkeley, CA 94704",CA,BERKELEY,ALAMEDA,Advocacy
Hispanic Center Lehigh Valley,1968,"520 E 4th St, Bethlehem, PA 18015",PA,BETHLEHEM,NORTHAMPTON,CBO
Latino Donor Collaborative,2010,2129 Coldwater Canyon Dr Beverly Hills CA 90210-1734,CA,BEVERLY HILLS,LOS ANGELES,CBO
Hispanic Interest Coalition of Alabama,1999,"117 Southcrest Drive Birmingham, AL 35219-0000",AL,BIRMINGHAM,JEFFERSON,CBO
Latino Coalition of Southwest Ohio,2016,"10979 REED HARTMAN HWY STE 110 BLUE ASH, OH 45242 ",OH,BLUE ASH,HAMILTON,CBO
Latino Health Institute,1989,95 Berkeley St Ste 600 Boston Ma 02116-6264,MA,BOSTON,SUFFOLK,CBO
Latino STEM Alliance,2010,20 Moraine St Boston MA 02130-4316,MA,BOSTON,SUFFOLK,CBO
NAMI Latino Metro Boston,1982,"529 Main St #1M17, Boston, MA 02129",MA,BOSTON,SUFFOLK,CBO
Latino Leadership Alliance of Bucks County,1993,"Bristol, PA 19007",PA,BRISTOL,BUCKS,CBO
Institute for the Puerto Rican Hispanic Elderly,1980,"311 E 175TH ST, BRONX, NY 10457",NY,BRONX,BRONX,CBO
Latina 50 Plus,2015,,NY,BRONX,BRONX,CBO
Latino Alzheimers Coalition of New York,2015,"190 SURF DR BRONX, NY 10473",NY,BRONX,BRONX,CBO
Hispanic Forum of Bryan-College Station,2009,"Bryan, TX 77805-4690",TX,BRYAN,BRAZOS,CBO
Latino Housing Development Corporation,2008,"2344 SENECA ST BUFFALO, NY 14210",NY,BUFFALO,ERIE,CBO
Chicana Foundation of Northern California,1984,,CA,BURLINGAME,SAN MATEO,CBO
Hispanic Family Center of Southern New Jersey,1976,"3547 South 29th Street, Camden, NJ 08105-0000",NJ,CAMDEN,CAMDEN,CBO
Latino Literacy Now,1996,"Edward James Olmos, 3445 Catalina Drive, Carlsbad CA 92010-2856",CA,CARLSBAD,SAN DIEGO,CBO
El Centro Hispano,1992,"201 W. WEAVER STREET CARRBORO, NC 27510",NC,CARRBORO,ORANGE,CBO
Latino Familia Initiative,2014,,AZ,CASA GRANDE,PINAL,CBO
Hispanic Health Initiatives,2000,"201 Live Oaks Blvd, Casselberry, FL 32707",FL,CASSELBERRY,SEMINOLE,Hybrid
Latina Surge,2015,,NJ,CEDAR GROVE,ESSEX,Advocacy
Progresso Latino,1977,,RI,CENTRAL FALLS,PROVIDENCE,CBO
Hispanic Latino Community Resource Center,1998,"3601 Central Ave, Charlotte, NC 28204",NC,CHARLOTTE,MECKLENBURG,CBO
Latin American Working for Achievement,1992,"Charlotte, NC 28271",NC,CHARLOTTE,MECKLENBURG,CBO
Centro Latino,1989,"136 Hawthorne Street, Chelsea, MA 02150-0000",MA,CHELSEA,SUFFOLK,CBO
Alianza Americas,2004,"1638 S. Blue Island Ave. Chicago, IL 60608",IL,CHICAGO,COOK,Advocacy
Asociacion Latina De Asistencia Y Prevencion Del Cancer De Mama,2012,"3023 N Clark St Ste 613 Chicago, IL 60657",IL,CHICAGO,COOK,CBO
Association of Latino Men for Action,2000,,IL,CHICAGO,COOK,Advocacy
Center Home for Hispanic Elderly,1983,"1401 N California Ave, Chicago, IL 60622",IL,CHICAGO,COOK,CBO
Chicago City Council Latino Caucus,2016,,IL,CHICAGO,COOK,Advocacy
Chicago Hispanic Health Coalition,1991,"1819 W Polk St 246 Chicago, IL 60612-0000",IL,CHICAGO,COOK,CBO
Hispanic Housing Development Corporation,1975,"325 N Wells St 8th Floor Chicago, IL 60652-7023",IL,CHICAGO,COOK,CBO
Hispanic Management Organization,1988,"2755 W Armitage Ave Chicago, IL 60647-4244",IL,CHICAGO,COOK,CBO
Illinois Legislative Latino Caucus Foundation,2002,191 N Wacker Dr Ste 3700 Chicago IL 60606-1615,IL,CHICAGO,COOK,Advocacy
Instituto del Progreso Latino,1977,"2520 S. Western Ave. Chicago, IL 60608-4809",IL,CHICAGO,COOK,CBO
Latino Coalition for Prevention,2007,"4145 W ARMITAGE AVE CHICAGO , IL 60639 ",IL,CHICAGO,COOK,CBO
Latino Education Alliance,2001,"703 S Morgan St, Chicago, IL 60607",IL,CHICAGO,COOK,CBO
Latino Organization of the Southwest,1992,"4051 W 63rd St Chicago, IL 60629-4638",IL,CHICAGO,COOK,CBO
Latino Policy Forum,1988,180 N Michigan Ave Ste 1250 Chicago IL 60601-7464,IL,CHICAGO,COOK,Advocacy
Latino Resource Institute of Illinois,1959,"8910 S Commercial Ave, Chicago, IL 60617",IL,CHICAGO,COOK,CBO
Midwest Latino Health Research Training and Policy,1993,,IL,CHICAGO,COOK,CBO
National Latino Education Institute,1972,"2011 W Pershing Rd Chicago, IL 60609-2205",IL,CHICAGO,COOK,CBO
Salud Latina/Latino Health,1989,"53 W. Jackson Boulevard, Suite 1257, Chicago, IL 60604-4174",IL,CHICAGO,COOK,CBO
Hispanic Association of Proffessional Services,1995,,CA,CHULA VISTA,SAN DIEGO,CBO
National Image,1971,"374 East H St Ste A, PMB 419. Chula Vista, California 91913",CA,CHULA VISTA,SAN DIEGO,Advocacy
Greater Cincinnati Latino Coalition,2005,,OH,CINCINNATI,HAMILTON,CBO
Hispanic Roundtable Community Programs,2004,"1900 East Ninth Street, Suite 3200 Cleveland, OH 44114",OH,CLEVELAND,CUYAHOGA,CBO
Hispanic Urban Minority Alcoholism and Drug Abuse Outreach Program,1989,"3305 W 25th St Cleveland, OH 44109-1613",OH,CLEVELAND,CUYAHOGA,CBO
Fundacion Proyecto Latino,2011,,NJ,CLIFTON,PASSAIC,CBO
National Latino Behavioral Health Association,2000,"6555 Robin St Cochiti Lake, NM 87083-6025",NM,COCHITI LAKE,SANDOVAL,CBO
Latino American Health Network,2002,,CO,COLORADO SPRINGS,EL PASO,CBO
Centro Comunitario Latino,2011,,CA,COLTON,SAN BERNARDINO,CBO
Centro Latino de Salud Educacion Y Cultura,2001,"609 N Garth Ave, Columbia, MO 65203",MO,COLUMBIA,BOONE,CBO
Latino Communications Community Development Corporation,2010,"140 Wildwood Business Park, Columbia, SC 29223",SC,COLUMBIA,RICHLAND,CBO
Centro Esperanza Latina,2002,"2300 Sullivant Avenue, Columbus, OH, 43204",OH,COLUMBUS,FRANKLIN,CBO
Latino Empowerment Outreach Network,2000,"COLUMBUS , OH 43216",OH,COLUMBUS,FRANKLIN,Hybrid
Ohio Hispanic Coalition,1990,"100 East Campus View BLVD, Suite 130, Columbus, Ohio 43235",OH,COLUMBUS,FRANKLIN,CBO
Hispanic Learning Center of Cabarrus County,2010,"418 Kerr St NW, Concord, North Carolina 28025-4651",NC,CONCORD,CABARRUS,CBO
Arkansas Hispanic Health Coalition,2016,,AR,CONWAY,FAULKNER,Hybrid
Hispanic Coalition,1988,"5659 W Flagler St, Coral Gables, FL 33134",FL,CORAL GABLES,MIAMI-DADE,CBO
Alianza National Latino Alliance for Elimination of Domestic Violence,1997,,NM,CORRALES,SANDOVAL,CBO
Centro Latino of Iowa,2001,"604 S Main St, Council Bluffs, IA 51503-6059 ",IA,COUNCIL BLUFFS,POTTAWATTAMIE,Hybrid
Dallas Concilio of Hispanic Service Organizations,2002,"400 S Zang Blvd., Ste. 300, Dallas, TX 75208",TX,DALLAS,DALLAS,CBO
Hispanic 100,2005,"4447 N. Central Expressway, Suite 100-150 Dallas, Texas 75205",TX,DALLAS,DALLAS,Advocacy
Hispanic Families Network,2014,"Dallas, TX 75202",TX,DALLAS,DALLAS,CBO
Hispanic Center of Greater Danbury,1968,,CT,DANBURY,FAIRFIELD,CBO
Latino Scholarship Fund Inc,1995,"Danbury, CT 06813",CT,DANBURY,FAIRFIELD,CBO
Hispanic Awareness Organization,2011,,OH,DEFIANCE,DEFIANCE,CBO
Colorado Latino Forum,2009,,CO,DENVER,DENVER,Advocacy
"Colorado Latino Leadership, Advocacy and Research Organization",1964,,CO,DENVER,DENVER,Advocacy
Colorado Organization for Latina Opportunity and Reproductive Rights,1998,"Denver, CO 80204-0991",CO,DENVER,DENVER,CBO
Hispanic Annual Salute,1980,"Denver, CO 80204-0720",CO,DENVER,DENVER,CBO
Latin American Educational Foundation,1949,"561 Santa Fe Drive Denver, CO 80204",CO,DENVER,DENVER,CBO
Latina Initiative,2006,,CO,DENVER,DENVER,Advocacy
Latina Safehouse Initiative,2003,,CO,DENVER,DENVER,CBO
Latino Community Foundation of Colorado,2007,"600 S. Cherry Street, Suite 1200, Denver, CO 80246-1712",CO,DENVER,DENVER,CBO
Servicios de La Raza,1972,,CO,DENVER,DENVER,CBO
Hispanic Educational Resources,1997,"828 Scott Ave Des Moines, IA, 50309-5054",IA,DES MOINES,POLK,CBO
Latina Leadership Initiative,2013,"Des Moines, IA 50312",IA,DES MOINES,POLK,CBO
Latino Resources,2004,"4217 University Avenue Suite 1 Des Moines, IA 50311-3421",IA,DES MOINES,POLK,CBO
Detroit Hispanic Development Corporation,1997,"1211 Trumbull Ave, Detroit, MI 48216",MI,DETROIT,WAYNE,Hybrid
Latino Family Services,1992,"3815 West Fort Street, Detroit MI 48216",MI,DETROIT,WAYNE,CBO
Hispanic Community Council of Chautauqua County,2016,,NY,DEWITTVILLE,CHAUTAUQUA,CBO
Caminar Latino,1990,"Doraville, GA 30362-1623",GA,DORAVILLE,DEKALB,CBO
Morris County Organization for Hispanic Affairs,1976,"97 Bassett Hwy, Dover, NJ 07801",NJ,DOVER,MORRIS,CBO
Latino Community Development Center,2000,"100 W Morgan St Durham, NC 27701-3315 USA",NC,DURHAM,DURHAM,CBO
Latino Educational Achievement Partnership,2008,"St Lukes Episcopal Church 1737 Hillandale Rd, Durham, NC 27705-3045",NC,DURHAM,DURHAM,CBO
NC Congress of Latino Organizations Ncclo,2005,,NC,DURHAM,DURHAM,Advocacy
Latino Linq,2016,,GA,EAST POINT,FULTON,CBO
Latino Treatment Center,1985,"54 S Grove Ave, Elgin, IL 60120",IL,ELGIN,KANE,CBO
Northern Indiana Hispanic Health Coalition,2006,"444 N NAPPANEE ST, ELKHART , IN 46514",IN,ELKHART,ELKHART,CBO
Pinal Hispanic Council,1987,,AZ,ELOY,PINAL,CBO
Latino Net,2000,,CA,EUREKA,HUMBOLDT,CBO
Latino Resources,2009,"9540 DRAKE AVE EVANSTON , IL 60203 ",IL,EVANSTON,COOK,CBO
Hispanic Committee of Virginia,1967,"2049 North 15th Street, Arlington, VA 22201",VA,FALLS CHURCH,FALLS CHURCH,CBO
Progreso Latino Progress Alliance,2012,,WA,FEDERAL WAY,KING,Advocacy
Latino Community Development Corporation,1992,"11712 Skyhawk Ct, Fishers, IN 46037-8140",IN,FISHERS,HAMILTON,CBO
Genesee County Hispanic Latino Collaborative,2015,"1509 E. Court St.,Flint, Michigan",MI,FLINT,GENESEE,CBO
Casa Latina,1967,"140 Pine St Rm 5 Florence, MA 01062-1218",MA,FLORENCE,HAMPSHIRE,CBO
Latino Lives Matter,2015,"17200 ELAINE AVE FONTANA, CA 92336 ",CA,FONTANA,SAN BERNARDINO,CBO
Mision Latina Cristiana,2005,"4050 Colonial Blvd, Fort Myers, FL 33966",FL,FORT MYERS,LEE,CBO
United Hispanic Americans,1970,"2424 Fairfield Ave, Fort Wayne, IN 46807",IN,FORT WAYNE,ALLEN,CBO
Hispanic Debutante Association Of Fort Worth,1985,"Fort Worth, TX 76101-1656",TX,FORT WORTH,TARRANT,CBO
Hispanic Wellness Coalition,1998,"3500 Camp Bowie Blvd, Ste 748, Fort Worth, TX 76107-2644",TX,FORT WORTH,TARRANT,CBO
Latino Health Insurance Program,2006,"276 Union Ave 2nd Floor Framingham, MA 01702-6318",MA,FRAMINGHAM,MIDDLESEX,CBO
Hispanic Education for Life Skills Project,2009,"32560 COLONY HILL DR FRANKLIN , MI 48025 ",MI,FRANKLIN,OAKLAND,CBO
Chicano Youth Center,1978,"1515 E Divisadero Street, Fresno, CA 93721",CA,FRESNO,FRESNO,CBO
Fresno County Hispanic Commission on Alcohol and Drug Abuse Services,1977,"1803 Broadway St, Fresno, CA 93721",CA,FRESNO,FRESNO,CBO
Fresno County League of Mexican American Women,1973,"1630 Van Ness Ave, Fresno, California 93721",CA,FRESNO,FRESNO,CBO
Hispanic Scholarship Fund,1975,"1411 W 190th St #700, Gardena, CA 90248",CA,GARDENA,LOS ANGELES,CBO
Garland Association for Hispanic Affairs,2000,,TX,GARLAND,DALLAS,CBO
Hispanic Center of Western Michigan,1978,"1204 Grandville Ave SW, Grand Rapids, MI 49503",MI,GRAND RAPIDS,KENT,CBO
Casa Alba Melanie Hispanic Community Resource Center Of the Green Bay Area,2010,"314 S Madison St Green Bay, WI 54301-4506 ",WI,GREEN BAY,BROWN,CBO
Centro de Accion Latino,1999,"4925 W Market St, Greensboro, NC 27407",NC,GREENSBORO,GUILFORD,CBO
Alliance for Collaboration with the Hispanic Community,2004,"225 S Pleasantburg Dr, Greenville, SC 29607-2544",SC,GREENVILLE,GREENVILLE,CBO
National Hispanic Voter Educational Foundation,2011,"5200 DTC Pkwy, Greenwood Village, CO 80111",CO,GREENWOOD VILLAGE,ARAPAHOE,Advocacy
Hispanic Urban Center,1970,"14606 Palm Ave, Hacienda Heights, CA 91745-1936 ",CA,HACIENDA HEIGHTS,LOS ANGELES,CBO
Southern California Latino Policy Center,2014,,CA,HACIENDA HEIGHTS,LOS ANGELES,CBO
Comunidad Latina de Washington County,2007,,MD,HAGERSTOWN,WASHINGTON,CBO
Mercer County Hispanic Association,1985,18 E 6th Ave Hamilton NJ 08619-3225,NJ,HAMILTON,MERCER,CBO
Hispanic Counseling Center,1977,"344 Fulton Ave, Hampstead, NY 11550-3923",NY,HAMPSTEAD,NASSAU,CBO
Latino Hispanic American Community Center,2010,"1319 Derry St Harrisburg, PA 17104-3433",PA,HARRISBURG,DAUPHIN,CBO
Shenandoah Valley Scholars Latino Initiative,2003,,VA,HARRISONBURG,ROCKINGHAM,CBO
Center for Latino Progress,1978,"95 Park St #2, Hartford, CT 06106",CT,HARTFORD,HARTFORD,CBO
Hispanic Health Council,1978,,CT,HARTFORD,HARTFORD,CBO
Latino Community Services,1986,"184 Wethersfield Ave, Hartford, CT 06114",CT,HARTFORD,HARTFORD,CBO
South Bay Latino Community Development Center,2002,13545 S Hawthorne Blvd Ste 201 Hawthorne CA 90250-5807,CA,HAWTHORNE,LOS ANGELES,CBO
Hispanic Community Affairs Council,1978,"Hayward, CA 94540-3151?",CA,HAYWARD,ALAMEDA,CBO
La Familia Counseling Service,1975,,CA,HAYWARD,ALAMEDA,CBO
Hempstead Hispanic Civic Association,1977,"236 Main St, Hempstead, NY 11550",NY,HEMPSTEAD,NASSAU,CBO
Latino Advocacy Coalition of Henderson County,2001,"508 N Grove St, Hendersonville, NC 28792",NC,HENDERSONVILLE,HENDERSON,Hybrid
Latino Family Center of Greater High Point,2010,"112 Gatewood Ave,High Point, North Carolina",NC,HIGH POINT,GUILFORD,CBO
Latino Leadership Project,1998,,IL,HIGHLAND PARK,LAKE,CBO
Lakeshore Latino Outreach Center,2008,"16415 James St, Holland, MI 49424",MI,HOLLAND,OTTAWA,CBO
Hispanic Unity of Florida,1982,"5840 Johnson St Hollywood, FL 33021-5636 ",FL,HOLLYWOOD,BROWARD,CBO
Mexican American Council,1982,"151 NW 11 Street Suite 400 E, Homestead, Florida 33030",FL,HOMESTEAD,MIAMI-DADE,CBO
"American Latino Center for Research, Education and Justice ",2012,,TX,HOUSTON,HARRIS,CBO
Association for The Advancement Of Mexican Americans,1970,"6001 Gulf Freeway, Bldg. E, Houston, TX 77023",TX,HOUSTON,HARRIS,CBO
Council for Latino Workplace Equity,2015,,TX,HOUSTON,HARRIS,Advocacy
Fundacion Latinoamericana de Accion Social,1994,"6666 Harwin Dr., Suite 370, Houston, TX 77036-2264",TX,HOUSTON,HARRIS,CBO
Hispanic Health Coalition,2013,"2626 S. LOOP WEST, SUITE 650R, HOUSTON, TX 77054",TX,HOUSTON,HARRIS,CBO
Hispanic Housing and Education Corporation,1991,"9950 Cpyress Dr Ste 320, Houston, TX 77070-0000",TX,HOUSTON,HARRIS,CBO
Houston Hispanic Forum,1984,"Allen Center, 500 Dallas St #2930, Houston, TX 77002",TX,HOUSTON,HARRIS,CBO
La Raza United,2011,,TX,HOUSTON,HARRIS,Advocacy
Latin Women's Initiative,1997,"112 W. 4th Street, Houston, Texas 77007",TX,HOUSTON,HARRIS,CBO
Latino Labor Leadership Council of Southeast Texas,2004,,TX,HOUSTON,HARRIS,Advocacy
Latino Learning Center,1979,"3522 Polk St Houston, TX 77003-4844",TX,HOUSTON,HARRIS,CBO
Mexican Institute of Greater Houston,1991,"4601 Caroline Street, Houston, Texas 77004",TX,HOUSTON,HARRIS,CBO
Organizacion Latina Trans in Texas,2015,,TX,HOUSTON,HARRIS,CBO
Alabama Hispanic Association,1999,,AL,HUNTSVILLE,MADISON,CBO
Hispanic Housing Services,1985,"1501 S Meridian St Indianapolis, IN 46225-1500",IN,INDIANAPOLIS,MARION,CBO
Hispanic-Latino Minority Health Coalition of Greater Indianapolis,2003,"3737 N Meridian St Ste 303 Indianapolis, IN 46208-4331",IN,INDIANAPOLIS,MARION,CBO
Indiana Latino Expo,2001,"5988 Michigan Rd Indianapolis, IN 46228-1733 ",IN,INDIANAPOLIS,MARION,CBO
Indiana Latino Institute,2001,"401 W Michigan St Suite 100 Indianapolis, IN 46202-3233",IN,INDIANAPOLIS,MARION,Hybrid
Indiana Latino Scholarship Fund,2008,"615 N Alabama St, Ste 119,Indianapolis, Indiana",IN,INDIANAPOLIS,MARION,CBO
Latino Coalition Against Domestic and Sexual Violence,2004,"300 E Fall Creek Pkwy N Drive 200 Indianapolis, IN 46205-4294 ",IN,INDIANAPOLIS,MARION,Hybrid
Riverside Cnty Latino Commisison on Alcohol and Drug Abuse Services,1993,,CA,INDIO,RIVERSIDE,CBO
Hispanic 100 Foundation,1996,"18012 Sky Park Circle, Irvine, CA 92614-6671",CA,IRVINE,ORANGE,CBO
Latino Coalition Foundation,2000,"100 Spectrum Center Drive, Irvine, CA 92618-4962",CA,IRVINE,ORANGE,Advocacy
Latino Resource Center,2002,,WY,JACKSON,TETON,CBO
National Association for The Advancement of Latino People,2014,"190 Hickory Rd Jackson, NJ 08527-3840",NJ,JACKSON,OCEAN,Hybrid
Pueblo Latino Apoyando A Losnuestros,2007,,TX,JACKSONVILLE,CHEROKEE,CBO
Hispanic Office of Planning and Evaluation,1971,"165 Brookside Avenue Extension, Jamaica Plain, MA 02130",MA,JAMAICA PLAIN,SUFFOLK,CBO
Hispanic Connection of Southern Indiana,2003,"1410 Charlestown New Albany Rd #101, Jeffersonville, IN 47130",IN,JEFFERSONVILLE,CLARK,CBO
Hispanic Latino Coalition of Will and Grundy Counties,2009,"407 IRVING ST JOLIET , IL 60432 ",IL,JOLIET,WILL,CBO
Hispanic Community Services,1997,"311 W Huntington Ave Jonesboro, AR 72401-2714",AK,JONESBORO,CRAIGHEAD,CBO
Hispanic American Council,1981,"930 Lake St # A, Kalamazoo, MI 49001",MI,KALAMAZOO,KALAMAZOO,CBO
Coalition of Hispanic Women Against Cancer,1996,"650 Minnesota Ave. Suite 114, Kansas City, KS 66101-2806",MO,KANSAS CITY,WYANDOTTE,CBO
Hispanic Development Fund,1983,"1055 BROADWAY BLVD, SUITE 130, KANSAS CITY, MO 64105",MO,KANSAS CITY,WYANDOTTE,CBO
Hispanic Economic Development Corporation,1993,"2130 Jefferson St, Kansas City, Missouri",MO,KANSAS CITY,WYANDOTTE,CBO
Cesar E Chavez Foundation,1966,"Keene, CA 93531-0062",CA,KEENE,KERN,Advocacy
Latino Center for Wellness and Education,1999,,IN,LAFAYETTE,TIPPECANOE,CBO
Latino Public Radio Consortium,2007,"709 Creekwater Terrace, Lake Mary, FL 32746",CO,LAKE MARY,ADMS,Advocacy
Hispanic Council for Reform and Educational Options,2001,"4095 SR 7, Lake Worth, FL 33449",FL,LAKE WORTH,PALM BEACH,Advocacy
Republican National Hispanic Assembly,1974,"Lakeland, FL 33807",FL,LAKELAND,POLK,Advocacy
Lansing Latino Health Alliance,2003,,MI,LANSING,INGHAM,CBO
Hispanic United Fund,1975,"1100 Larkspur Landing Circle Larkspur, CA 94939-1827",CA,LARKSPUR,MARIN,CBO
Latino Youth Leadership Foundation,2016,,NV,LAS VEGAS,SAN MIGUEL,CBO
Mexican Patriotic Committee,1980,"760 N. Eastern Ave., Las Vegas, NV 89101",NV,LAS VEGAS,CLARK,CBO
Nevada Alliance For Latino Education And Justice,2016,"1930 Village Center Cir Num 3-361 Las Vegas, NV 89134-6299 ",NV,LAS VEGAS,SAN MIGUEL,Hybrid
Dia De La Mujer Latina,1997,"3209 Dunlin Lake Rd, Lawrenceville, GA 30044",GA,LAWRENCEVILLE,GWINNETT,CBO
HoPe (Hispanic Organization Promoting Education),2009,"490 Briscoe Boulevard, Lawrenceville, GA 30046",GA,LAWRENCEVILLE,GWINNETT,CBO
Centro Latino of Caldwell County,2002,"916 West Avenue Northwest, Lenoir, NC 28202",NC,LENOIR,MECKLENBURG,CBO
National Hispanic Caucus of State Legislators,1989,"2760 Research Park Dr Lexington, KY 40511-8482 ",KY,LEXINGTON,LEXINGTON,Advocacy
Centro Contacto Latino,2003,,NC,LINCOLNTON,LINCOLN,CBO
Long Beach Latino Civic Association,1995,"52 East Park Avenue, Long Beach 11561-3504",NY,LONG BEACH,NASSAU,Advocacy
Latino Youth for Higher Education Program,2009,,NY,LONG ISLAND CITY,QUEENS,CBO
El Comite de Longmont,1980,"455 Kimbark St. Longmont,CO 80501",CO,LONGMONT,BOULDER,Hybrid
Hispanic Education Foundation,1989,,CO,LONGMONT,BOULDER,CBO
Coalition for Hispanic Issues and Progress,1990,"2955 Denve Ave Lorain, OH 44055-1452",OH,LORAIN,LORAIN,Advocacy
Bienestar,1989,"5326 E Beverly Blvd Los Angeles,  CA  90022",CA,LOS ANGELES,LOS ANGELES,Hybrid
Centro Latino for Literacy,1991,"1709 W 8th St Ste A Los Angeles, CA 90017-2147",CA,LOS ANGELES,LOS ANGELES,CBO
Chicana Service Action Center,1972,"3601 E 1st St, Los Angeles, CA 90063",CA,LOS ANGELES,LOS ANGELES,CBO
Hispanas Organized for Political Equality,1988,"634 S Spring St # 920, Los Angeles, CA 90014",CA,LOS ANGELES,LOS ANGELES,Hybrid
Instituto de Avance Integral Latino,2015,,CA,LOS ANGELES,LOS ANGELES,CBO
Latina Public Service Academy,2013,,CA,LOS ANGELES,LOS ANGELES,CBO
Latino Equality Alliance,2008,"553 S. Clarence Street, Los Angeles, CA 90033",CA,LOS ANGELES,LOS ANGELES,Advocacy
Latino Food Center,2010,"3710 E Cesar Chavez Ave Ste 2a Los Angeles, CA 90063-2219",CA,LOS ANGELES,LOS ANGELES,CBO
Latino Initiatives for the New Century,2000,,CA,LOS ANGELES,LOS ANGELES,CBO
Latino Legislative Caucus Foundation,2007,,CA,LOS ANGELES,LOS ANGELES,CBO
Latino Social Justice Foundation,2005,"Los Angeles, CA 90022-0359",CA,LOS ANGELES,LOS ANGELES,Advocacy
Mexican American Legal Defense and Educational Fund,1968,"634 S Spring St # 1100, Los Angeles, CA 90014",CA,LOS ANGELES,LOS ANGELES,Hybrid
National Association of Latino Elected and Appointed Officials Educational Fund,1976,"1122 W Washington Blvd 3rd Floor Los Angeles, CA, 90015-3352",CA,LOS ANGELES,LOS ANGELES,Advocacy
Nuevo Amanecer Latino Childrens Services,1994,"5400 Pomona Blvd, Los Angeles, CA 90022",CA,LOS ANGELES,LOS ANGELES,CBO
United Latino Fund,1990,"5400 E. Olympic Blvd., Suite 208, Los Angeles, CA 90022",CA,LOS ANGELES,LOS ANGELES,CBO
Watts Century Latino Organization,1990,"10360 Wilmington Avenue, Los Angeles, CA 90002",CA,LOS ANGELES,LOS ANGELES,CBO
Adelante Hispanic Achievers,2005,"2817 Hikes Ln, Louisville, KY 40218",KY,LOUISVILLE,JEFFERSON,CBO
Boulder County Latina League,1999,,CO,LOUISVILLE,BOULDER,CBO
Boulder County Latina Womens League,1998,"721 Front St Apt A Louisville, CO 80027-1877",CO,LOUISVILLE,BOULDER,CBO
Hispanic Latino Coalition of Louisville,1998,"224 Woodbine St, LOUISVILLE 40208",KY,LOUISVILLE,JEFFERSON,CBO
Grupo Atardecer Senior Citizen Hispanic Grupo Atardecer,2011,"100 7TH AVE LOWELL , MA 01854 ",MA,LOWELL,MIDDLESEX,CBO
Lynwood Latino Coalition,2004,,CA,LYNWOOD,LOS ANGELES,CBO
Hispanic Resource Center of Larchmont Mamaroneck,1998,"134 Center Ave Mamaroneck, NY 10543-1804",NY,MAMARONECK,WESTCHESTER,CBO
National Hispanic Institute,1979,"472 Fm 1966 Maxwell, TX 78656-0000 ",TX,MAXWELL,CALDWELL,CBO
Hispanic Learning and Resource Center,2008,"1108 W Main St,Medford, Oregon 97501-2933",OR,MEDFORD,JACKSON,CBO
Latino Memphis,1995,"6041 Mt. Moriah Extended, Suite 16, Memphis, TN 38115-0000",TN,MEMPHIS,SHELBY,Hybrid
Hispanic Forum of Mesquite,2005,,TX,MESQUITE,DALLAS,Hybrid
Florida Hispanic Foundation,2006,,FL,MIAMI,MIAMI-DADE,CBO
Hispanic Food and Beverage Foundation,2010,,FL,MIAMI,MIAMI-DADE,CBO
Hispanic National Bar Foundation,1985,"9195 SW 72nd Street, Miami, FL 33173",FL,MIAMI,MIAMI-DADE,CBO
Hispanic Transit Society of Dade County,1967,"Miami, FL 33144-1778",FL,MIAMI,MIAMI-DADE,Advocacy
Latino Children Fund,1997,,FL,MIAMI,MIAMI-DADE,CBO
Alianza Latina Aplicando Soluciones,1997,"1615 S 22nd St, Milwaukee, WI 53204",WI,MILWAUKEE,MILWAUKEE,Hybrid
Latino Community Center,1999,"807 S 14th St, Milwaukee, Wisconsin 53204",WI,MILWAUKEE,MILWAUKEE,CBO
Wisconsin Hispanic Scholarship Foundation,1962,"2997 S 20TH ST, MILWAUKEE, WI 53215",WI,MILWAUKEE,MILWAUKEE,CBO
Centro Cultural Chicano,1974,"1915 Chicago Avenue, Minneapolis, MN 55404",MN,MINNEAPOLIS,HENNEPIN,CBO
Latino Economic Development Center,1991,"1501 E Lake St Lower Level Minneapolis, MN 55407-1789 ",MN,MINNEAPOLIS,HENNEPIN,CBO
Latino Youth Development Collaborative Lydc,2016,,MN,MINNEAPOLIS,HENNEPIN,CBO
Latino Community Roundtable,1997,,CA,MODESTO,STANISLAUS,Advocacy
Latino Emergency Council,2006,,CA,MODESTO,STANISLAUS,CBO
Asociacion Latino Americana de Cirujanos de Catarata Y Segmento,2001,,CA,MONTEBELLO,LOS ANGELES,CBO
Latino Diabetes Association,2004,"Montebello, CA 90640-1347",CA,MONTEBELLO,LOS ANGELES,CBO
Latino Kids Health,2014,,CA,MONTEBELLO,LOS ANGELES,CBO
Mexican American Opportunity Foundation,1963,"401 N. Garfield Avenue, Montebello, CA 90640",CA,MONTEBELLO,LOS ANGELES,CBO
Hispanic Alliance for Education,1996,,MD,MONTGOMERY VILLAGE,MONTGOMERY,CBO
Hispanic Affairs Project,2005,,CO,MONTROSE,MONTROSE,Advocacy
Mexican American Development Association,1971,"17 North 6th Street, Montrose, CO 81401",CO,MONTROSE,MONTROSE,CBO
Latino Summit,2014,,IL,MT PROSPECT,COOK,CBO
Centro Latino de Educacion Para Adultos de Dallas Norte,2005,,TX,MURPHY,COLLIN,CBO
Hispanic Support Organization,2014,"27890 Clinton Keith Road D-466 Murrieta, CA 92562-8571",CA,MURRIETA,RIVERSIDE,CBO
Hispanic Community Services Coalition,2010,,MI,MUSKEGON,MUSKEGON,CBO
Napa County Hispanic Network,1983,"Napa, CA 94581",CA,NAPA,NAPA,Advocacy
Hispanic Family Foundation,2014,"3927 Nolensville Pk, Nashville, TN 37211",TN,NASHVILLE,DAVIDSON,CBO
Tennessee Latino Civil Rights Organization,2015,,TN,NASHVILLE,DAVIDSON,Advocacy
Hispanic Directors Association of New Jersey,1991,"90A Jersey Ave, New Brunswick, NJ 08901",NJ,NEW BRUNSWICK,CAMDEN,Advocacy
Latino Leadership Alliance Foundation,2004,"402 LIVINGSTON AVE, NEW BRUNSWICK, NJ 08901",NJ,NEW BRUNSWICK,MIDDLESEX,CBO
Progreso Latino Fund,2003,"70 Audubon Street, New Haven, CT 06510",CT,NEW HAVEN,NEW HAVEN,CBO
Unidad Latina Accion,2002,"37 Howe St, New Haven, CT 06511",CT,NEW HAVEN,NEW HAVEN,Advocacy
Hispanic Alliance of Southeastern Connecticut,2000,,CT,NEW LONDON,NEW LONDON,CBO
Latino Farmers Cooperative Of Louisiana,2010,428 S Jefferson Davis Pkwy New Orleans LA 70119-7126,LA,NEW ORLEANS,ORLEANS PARISH,CBO
SEED Hispanic Latino Center for Educational Development,2012,,LA,NEW ORLEANS,ORLEANS PARISH,CBO
Foundation for Healthy Hispanic Families,2015,,NY,NEW ROCHELLE,WESTCHESTER,CBO
Asociacion Tepeyac de New York,1997,"38 W 38th St, New York, NY 10018",NY,NEW YORK,NEW YORK,CBO
Coalition for Hispanic Family Services,1990,"315 Wyckoff Ave #4, Brooklyn, NY 11237",NY,NEW YORK,NEW YORK,CBO
Committee for Hispanic Children and Families,1982,"75 Broad Street Ste 620 New York, NY 10004",NY,NEW YORK,NEW YORK,Hybrid
Hispanic AIDS Forum,1985,"1767 Park Avenue, 5th Floor, New York, NY 10035",NY,NEW YORK,NEW YORK,CBO
Hispanic Brotherhood Housing Corporation,1984,"59 Clinton Avenue, Rockville Centre, New York 11570",NY,NEW YORK,NEW YORK,CBO
Hispanic Community Organization for Life,2009,"62 WEST 107TH STREET NEW YORK, NY 10025",NY,NEW YORK,NEW YORK,CBO
Hispanic Federation,1990,"55 Exchange Place, 5th Floor, New York, NY, 10005-3301",NY,NEW YORK,NEW YORK,Hybrid
Hispanic Information and Telecommunications Network,1982,"63 Flushing Avenue, Building #292, Suite #211, Brooklyn, NY 11205-1005",NY,NEW YORK,NEW YORK,CBO
Hispanic Policy Development Project,1982,"New York, NY 10010",NY,NEW YORK,NEW YORK,Advocacy
La Unidad Latina Foundation,1999,,NY,NEW YORK,NEW YORK,CBO
Latino Center on Aging (LCA),1991,"1133 Broadway, Ste. 708 New York, NY 10010 ",NY,NEW YORK,NEW YORK,Hybrid
Latino Commission on AIDS,1990,"24 W 25th St, New York, NY 10010",NY,NEW YORK,NEW YORK,Hybrid
Latino Justice PRLDEF,1972,"99 Hudson St #14, New York, NY 10013",NY,NEW YORK,NEW YORK,Advocacy
Latino Leadership Institute,2000,,NY,NEW YORK,NEW YORK,Advocacy
Latino Organization for Liver Awareness,1994,"Throggs Neck Sta. Bronx, NY 10465",NY,NEW YORK,NEW YORK,CBO
Leadership Enterprise for a Diverse America,2003,"501 Seventh Avenue 7th Floor New York, NY 10018-5970",NY,NEW YORK,NEW YORK,CBO
Mexican Coalition for The Empowerment of Youth And Families,2003,"10 East 39th Street, Office 1119, New York, NY 10016",NY,NEW YORK,NEW YORK,CBO
National Institute for Latino Policy,1982,"25 W 18th St, New York, NY 10011",NY,NEW YORK,NEW YORK,Advocacy
National Latina Institute for Reproductive Health,1994,"50 Broad St., Ste. 1937 New York, NY 10004 ",NY,NEW YORK,NEW YORK,Hybrid
National Latino Alliance for the Elimination of Domestic Violence,1997,"New York, NY 10035-0672",NY,NEW YORK,NEW YORK,CBO
National Latino Council on Alcohol and Tobacco Prevention,1989,"101 Avenue of the Americas, Suite 313, New York,NY, 10013",NY,NEW YORK,NEW YORK,CBO
National Latino Officers Association,1996,"27-14 Kearney St, East Elmhurst NY 11369-1954",NY,NEW YORK,NEW YORK,Advocacy
FOCUS Hispanic Center for Community Development,1967,"441 Broad St, Newark, NJ 07102",NJ,NEWARK,ESSEX,CBO
La Casa De Don Pedro,1972,,NJ,NEWARK,ESSEX,CBO
Latino Institute,2004,"50 Park Pl #1539, Newark, NJ 07102",NJ,NEWARK,ESSEX,CBO
Hispanic Education Endowment Fund of Orange County Community Foundation,1993,"4041 MacArthur Boulevard, Suite 510, Newport Beach, CA 92660",CA,NEWPORT BEACH,ORANGE,CBO
Southern Latino Foundation,2001,,GA,NORCROSS,GWINNETT,CBO
Latino Alzheimers and Memory Disorders Alliance,2008,,IL,NORRIDGE,COOK,CBO
Accion Comunal Latino Americano de Montgomery County,1977,"512 West Marshall Street,Norristown, PA 19401",PA,NORRISTOWN,MONTGOMERY,CBO
For Chicana Chicanos Studies Foundation,1996,,CA,NORTHRIDGE,LOS ANGELES,Advocacy
lthe Latino Family Institute,1996,"6551 North Ave Oak Park, IL 60302-1020 ",IL,OAK PARK,COOK,CBO
Centro Legal de la Raza,1969,"3400 E 12th St, Oakland, CA 94601",CA,OAKLAND,ALAMEDA,Hybrid
Hispanics in Philanthropy,1983,"414 13th Street, Suite 200, Oakland, CA 94612",CA,OAKLAND,ALAMEDA,Hybrid
La Clinica de la Raza,1971,"Oakland, CA 94623-2210",CA,OAKLAND,ALAMEDA,CBO
National Latina Health Organization,1986,Oakland CA 94601,CA,OAKLAND,ALAMEDA,CBO
The Unity Council,1964,"1900 Fruitvale Avenue. Suite 2A. Oakland, CA 94601",CA,OAKLAND,ALAMEDA,Hybrid
Latino Community Development Agency,1991,"420 SW 10th St, Oklahoma City, OK 73109",OK,OKLAHOMA CITY,OKLAHOMA CITY,CBO
Hispanic Roundtable,2002,"Olympia, WA 98507",WA,OLYMPIA,THURSTON,CBO
Chicano awareness center,1972,"4821 S 24th Street Omaha, NE 68107 ",NE,OMAHA,DOUGLAS,CBO
Latino Center of the Midlands,1971,"4821 S 24th St, Omaha, NE 68107",NE,OMAHA,DOUGLAS,CBO
Latino Community Betterment Corporation,2016,,NE,OMAHA,DOUGLAS,CBO
Midlands Latino Community Development Corporation,2006,"4923 South 24th Street, Ste 201, Omaha NE 68107-2763",NE,OMAHA,DOUGLAS,CBO
Latino Leadership,1999,"8617 E Colonial Dr Ste 1200 Orlando, FL 32817-3919",FL,ORLANDO,ORANGE,Hybrid
California Hispanic Osteoporosis Foundation,2005,"300 South A Street, Suite 201, Oxnard, CA 93030",CA,OXNARD,ALAMEDA,Hybrid
Brevard Hispanic Center,2014,,FL,PALM BAY,BREVARD,CBO
California Latino Leadership Institute,2014,,CA,PASADENA,LOS ANGELES,CBO
California Latino Legislative Caucus Institute for Public Policy,2002,,CA,PASADENA,LOS ANGELES,Hybrid
Latino Institute for Corporate Inclusion,2008,,CA,PASADENA,LOS ANGELES,Advocacy
Los Angeles County Chicano Employees Association,1969,"1848 Allen Ave, Pasadena, CA 91104",CA,PASADENA,LOS ANGELES,CBO
National Association for Hispanic Elderly,1975,"234 E Colorado Blvd., Ste. 300 Pasadena CA 91101",CA,PASADENA,LOS ANGELES,CBO
National Hispanic Media Coalition,1986,55 S Grand Ave Pasadena CA 91105-1602,CA,PASADENA,LOS ANGELES,Advocacy
Hispanic Academic Achievers Program,1990,,WA,PASCO,FRANKLIN,CBO
Hispanic Multi-Purpose Service Center,1976,"911 East 23rd Street Paterson, NJ 07513-1500",NJ,PATERSON,PASSAIC,CBO
Intergrupo Latino de Grupos de Familia AL Anon Alateen de New Jersey,2014,,NJ,PATERSON,PASSAIC,CBO
Hispanic Counseling And Family Services of New Jersey,2000,"3908 Westfield Ave, Pennsauken Township, NJ 08110",NJ,PENNSAUKEN TOWNSHIP,CAMDEN,CBO
Mexican Association of Perth Amboy,2004,"131 Patterson St, Perth Amboy, NJ 08861",NJ,PERTH AMBOY,MIDDLESEX,CBO
Latino Scholarship Fund,1992,"2603 N 5th St FL 4, Philadelphia, PA 19133",PA,PHILADELPHIA,PHILADELPHIA,CBO
Arizona Latino Media Association,1997,,AZ,PHOENIX,MARICOPA,Advocacy
Chicanos Por La Causa,1969," 1112 E. BUCKEYE RD. PHOENIX, AZ 85034",AZ,PHOENIX,MARICOPA,CBO
Concilio Latino de Salud,1989,"Phoenix, AZ 85068-9837",AZ,PHOENIX,MARICOPA,CBO
Raza Development Fund,1964,"1 E Washington St #2250, Phoenix, AZ 85004",AZ,PHOENIX,MARICOPA,CBO
Claret Hispanic Organization,2015,,CA,PICO RIVERA,LOS ANGELES,CBO
Plaza De La Raza Child Development Services,1965,"8337 Telegraph Rd Fl 3 Pico Rivera, CA 90660-495",CA,PICO RIVERA,LOS ANGELES,CBO
Hispanic Committee of The South,2009,"5438 Shreveport Hwy, Pineville, LA 71360",LA,PINEVILLE,RAPIDES PARISH,CBO
Hispanic Liaison of Chatham County,1995,"97 Box Turtle Rd Pittsboro, NC 27312-5358",NC,PITTSBORO,CHATHAM,CBO
Pittsburgh Hispanic Development Corporation,2013,"1660 Broadway Avenue,Pittsburgh, Pennsylvania",PA,PITTSBURGH,ALLEGHENY,CBO
Asociacion Latina Dios Bendice Siempre,2015,,NJ,PLEASANTVILLE,ATLANTIC,CBO
Latino Educational Fund,2010,,CA,POMONA,LOS ANGELES,CBO
Hispanic Council of St Clair County,1990,,MI,PORT HURON,ST. CLAIR,CBO
Latino Network,1996,"410 NE 18th Ave Portland, OR 97232-2882 USA",OR,PORTLAND,MULTNOMAH,CBO
Oregon Council for Hispanic Advancement,1984,"108 NW 9th street Suite 201, Portland, OR 97209",OR,PORTLAND,MULTNOMAH,CBO
Oregon Latino Health Coalition,2004,,OR,PORTLAND,MULTNOMAH,Hybrid
Portland Latino Gay Pride,2006,,OR,PORTLAND,MULTNOMAH,CBO
Center for Hispanic Policy and Advocacy,1986,"421 Elmwood Avenue, Providence, RI 2907",RI,PROVIDENCE,PROVIDENCE,CBO
Rhode Island Latina Leadership Institute,2003,,RI,PROVIDENCE,PROVIDENCE,Hybrid
RI Latino Dollars for Scholars,1993,,RI,PROVIDENCE,PROVIDENCE,CBO
Pueblo Latino Hispanic Education Foundation,1988,"2200 Bonforte Blvd Admin. #329 Pueblo, CO 81001",CO,PUEBLO,PUEBLO,CBO
Centro Hispano,1988,"Reading, PA 19603",PA,READING,BERKS,CBO
Latino Outreach of Tehama County,1995,,CA,RED BLUFF,TEHAMA,CBO
Hispanic Outreach Program of Goodhue County,2009,"1407 W 4th Street, Red Wing, MN 55066",MN,RED WING,GOODHUE,CBO
Latino Influentials Network,2014,,NC,REIDSVILLE,ROCKINGHAM,CBO
Nevada Hispanic Services,1975,"3905 NEIL ROAD, SUITE #2, RENO, NV, 89502",NV,RENO,WASHOE,CBO
Tu Casa Latina,2015,,NV,RENO,WASHOE,CBO
Hispanic American Freethinkers,2010,"1818 Library St, Reston, VA 20190",VA,RESTON,FAIRFAX,CBO
"AMIGOS, the Richmond Latino Center",1999,"1215 S J St. Richmond, IN 47374",IN,RICHMOND,WAYNE,CBO
Latina Center,2001,,CA,RICHMOND,CONTRA COSTA,CBO
Hispanic American Institute,1999,,NM,RIO RANCHO,SANDOVAL,CBO
Inland Empire Latino Lawyers Association Inc,1978,"2060 University Ave, Suite 113, Riverside, CA",CA,RIVERSIDE,RIVERSIDE,CBO
Latino Mentor Program,2000,,CA,RIVERSIDE,RIVERSIDE,CBO
La Voz Latina,1971,,IL,ROCKFORD,WINNEBAGO,CBO
Hispanic Brotherhood of Rockville Centre,1984,,NY,ROCKVILLE CENTRE,NASSAU,CBO
Apoyo Latino,1987,,AR,ROGERS,BENTON,CBO
Healthy Latino Community,2006,,NY,ROSLYN HEIGHTS,NASSAU,CBO
Sociedad Latina,1968,,MA,ROXBURY,SUFFOLK,CBO
California Hispanic Commission on Alcohol And Drug Abuse,1975,"2101 Capitol Avenue, Sacramento, CA 95816",CA,SACRAMENTO,SACRAMENTO,CBO
California Latino Water Coalition,2007,"1415 L Street Sacramento, CA 95814-3961",CA,SACRAMENTO,SACRAMENTO,Advocacy
Chicano and Latino Youth Leadership Project,1982,"Sacramento, CA 95816-1566",CA,SACRAMENTO,SACRAMENTO,CBO
Latino Coalition for a Healthy California,1992,"1225 8th St., Ste. 550 Sacramento, CA 95814",CA,SACRAMENTO,SACRAMENTO,Hybrid
Latino Leadership and Policy Forum,2014,1022 G St Sacramento CA 95814-0823,CA,SACRAMENTO,SACRAMENTO,Advocacy
Latino Policy Coalition,2007,"1830 N ST SACRAMENTO , CA 95811 ",CA,SACRAMENTO,SACRAMENTO,Advocacy
Mexican American Alcoholism Program,1975,"4241 Florin Road, Suite 110 Sacramento, CA 95823",CA,SACRAMENTO,SACRAMENTO,CBO
National Coalition of Hispanic Organizations,1975,"Sacramento, CA 95812",CA,SACRAMENTO,SACRAMENTO,Advocacy
National Community College Hispanic Council,1985,1 Capitol Mall Ste 800 Sacramento CA 95814-3274,CA,SACRAMENTO,SACRAMENTO,Advocacy
Union Latina St Charles,2006,,IL,SAINT CHARLES,DUPAGE,CBO
Comunidades Latinas Unidas En Servicio,1981,"Saint Paul, MN 55106-5014",MN,SAINT PAUL,RAMSEY,Hybrid
Hispanic Advocacy and Community Empowerment through Research,1988,"2314 University Ave W Ste 12 Saint Paul, MN 55114-1863",MN,SAINT PAUL,RAMSEY,Advocacy
Latino Educational and Recreational Network,1986,"Salem, Or 97303",OR,SALEM,MARION,CBO
Hispanic Health Care Task Force,2014,,UT,SALT LAKE CITY,SALT LAKE,CBO
Utah Coalition of LA Raza,1992,,UT,SALT LAKE CITY,SALT LAKE,Advocacy
Hispanic Association of Colleges And Universities,1986,"8415 Datapoint Dr., Ste. 400 San Antonio, TX 78229",TX,SAN ANTONIO,BEXAR,Hybrid
Hispanic Healthy Processes,2011,,TX,SAN ANTONIO,BEXAR,CBO
Hispanic Leadership Development Foundation,2000,,TX,SAN ANTONIO,BEXAR,Hybrid
Hispanic Religious Partnership for Community Health,1997,"5415 Bandera Rd Ste 504 San Antonio, TX 78238-1958",TX,SAN ANTONIO,BEXAR,CBO
Hispanic Sports Foundation For Education,2006,"166 W Ligustrum Dr San Antonio, TX 78228-4048",TX,SAN ANTONIO,BEXAR,CBO
Latino Educational Equity Partnerships,2015,,TX,SAN ANTONIO,BEXAR,CBO
National Association for Latino Community Asset Builders,2002,"San Antonio, TX 78246-1266",TX,SAN ANTONIO,BEXAR,CBO
National Latino Childrens Institute,1997,"118 Broadway St Ste 615, San Antonio, TX 78205-2007",TX,SAN ANTONIO,BEXAR,Advocacy
National Organization for Mexican American Rights,1998,"San Antonio, Texas",TX,SAN ANTONIO,BEXAR,Advocacy
Chicano Federation of San Diego County,1969,"3180 University Ave., Ste. 317, San Diego, CA 92104",CA,SAN DIEGO,SAN DIEGO,Hybrid
Latino Policy Institute of San Diego,2004,,CA,SAN DIEGO,SAN DIEGO,CBO
Pacto Latino AIDS Organization,1994,"2828 University Ave #107, San Diego, CA 92104",CA,SAN DIEGO,SAN DIEGO,CBO
Raza Education Fund,2009,,CA,SAN DIEGO,SAN DIEGO,CBO
Accion Latina,1970,,CA,SAN FRANCISCO,SAN FRANCISCO,Advocacy
Centro Latino de San Francisco,1972,"1656 15th St., San Fransisco, CA 94103",CA,SAN FRANCISCO,SAN FRANCISCO,CBO
Instituto Familiar de la Raza,1978,"2919 Mission Street, San Francisco, CA 94110",CA,SAN FRANCISCO,SAN FRANCISCO,CBO
Instituto Laboral de la Raza,1982,"2947 16th St., San Francisco, CA 94103",CA,SAN FRANCISCO,SAN FRANCISCO,Advocacy
La Raza Centro Legal San Francisco,1973,,CA,SAN FRANCISCO,SAN FRANCISCO,Hybrid
La Raza Community Resource Center,1974,,CA,SAN FRANCISCO,SAN FRANCISCO,CBO
Latina Breast Cancer Agency,2002,"4271 Mission Street, 2nd FL, San Francisco, CA 94112",CA,SAN FRANCISCO,SAN FRANCISCO,CBO
Latino Commission on Alcohol and Drug Abuse Services of San Mateo County,1997,"301 Grand Ave #301, South San Francisco, CA 94080",CA,SAN FRANCISCO,SAN FRANCISCO,CBO
Latino Community Foundation,1989,"225 Bush St Ste 500 San Francisco, CA 94104-4224",CA,SAN FRANCISCO,SAN FRANCISCO,Advocacy
California Latino Environmental Advocacy Network Clean,2014,,CA,SAN GABRIEL,LOS ANGELES,Advocacy
Hispanic Foundation of Silicon Valley,1990,"1922 The Alameda, Suite 217 San Jose, CA 95126-1430",CA,SAN JOSE,SANTA CLARA,CBO
Latina Coalition of Silicon Valley,1998,"1346 The Alameda, Ste 7-293, San Jos?, CA 95126",CA,SAN JOSE,SANTA CLARA,CBO
Los Bomberos of Northern California,1972," 425 E Santa Clara St., Ste. 310 San Jose, CA 95113",CA,SAN JOSE,SANTA CLARA,CBO
Mexican American Community Services Agency,1964,"660 Sinclair Dr, San Jose, CA 95116",CA,SAN JOSE,SANTA CLARA,CBO
Latino Council of Marin,1977,"734 A St #6, San Rafael, CA 94901",CA,SAN RAFAEL,MARIN,CBO
Hispanic Task Force of Lee County,1994,"309 W Main St, Sanford, North Carolina 27332-5921",NC,SANFORD,LEE,CBO
Latino Center For Prevention and Action In Health and Welfare,1993,"450 W 4th Street Santa Ana, CA 92701-4562",CA,SANTA ANA,ORANGE,Hybrid
Latino Health Access,1993,"450 W Fourth St., Suite 130, Santa Ana, CA 92701",CA,SANTA ANA,ORANGE,Hybrid
La Casa de la Raza,1971,"601 E. MONTECITO STREET SANTA BARBARA, CA 93103",CA,SANTA BARBARA,SANTA BARBARA,CBO
Santa Paula Latino Town Hall,1996,,CA,SANTA PAULA,VENTURA,CBO
Latino Commission on Alcohol and Drug Abuse Services of Sonoma County,1994,"857 Dutton Ave, Santa Rosa, CA 95407",CA,SANTA ROSA,SONOMA,CBO
Latino Unidos Del Condado De Sonoma,2012,"Santa Rosa, CA 95402-5410",CA,SANTA ROSA,SONOMA,CBO
El Centro de La Raza,1972,,WA,SEATTLE,KING,Advocacy
El Comite Pro-Reforma Migratoria Y Justicia Social,1999,,WA,SEATTLE,KING,Advocacy
Latino Community Fund of Washington State,2005,,WA,SEATTLE,KING,CBO
Latino/a Educational Achievement Project,1998,"113-23rd Ave S. Seattle, WA 98144",WA,SEATTLE,KING,CBO
Viva Hispanic Foundation NW,2001,,WA,SEATTLE,KING,CBO
Centro Latino of Shelbyville,2002,"121 Main Street, Shelbyville, KY 40065-1021",KY,SHELBYVILLE,SHELBY,CBO
Together for Latinas,2009,"Shelton, CT 06484",CT,SHELTON,FAIRFIELD,CBO
Centro de Ayuda Latina,2016,,NC,SILER CITY,CHATHAM,CBO
Maryland Hispanic Coalition,2014,"11719 Galt Ave, Silver Spring, MD 20902",MD,SILVER SPRING,MONTGOMERY,CBO
Generacion Latina,2010,,GA,SMYRNA,COBB,CBO
Hispanic Community Connection Conexion Comunidad Hispana,2014,,UT,SOUTH JORDAN,SALT LAKE,CBO
Hispanic Women's Organization of Arkansas,1999,"614 E Emma Ave #231, Springdale, AR 72764",AK,SPRINGDALE,WASHINGTON,Hybrid
National Hispanic Leadership Agenda,1991,"6800 Versar Center Drive No 450 Springfield, VA 22151-0000",VA,SPRINGFIELD,FAIRFAX,Advocacy
"Hispanic Educational, Cultural and Scholarship Fund",1998,,MO,ST. LOUIS,ST. LOUIS,CBO
Chicano Research Center,2015,,CA,STOCKTON,SAN JOAQUIN,CBO
Centro Latino Ser -Jobs for Progress,1991,"1208 S. 10th St., Tacoma
WA, 98405",WA,TACOMA,PIERCE,CBO
Hispanic Services Council,1991,"2902 N Armenia Ave Ste 201 Tampa, FL 33607-1661",FL,TAMPA,HILLSBOROUGH,CBO
Latino Coalition of Tampa Bay,1997,,FL,TAMPA,HILLSBOROUGH,Hybrid
"The Center for Hispanic Policy, Research and Development",1975,"225 W State St, Trenton, New Jersey",NJ,TRENTON,MERCER,CBO
Coalition of Hispanic Organizations,2000,,OK,TULSA,TULSA,CBO
Latino Advocates for Education,1974,,CA,TUSTIN,ORANGE,Hybrid
Hispanic-American Association of East Texas,1992,"1111 E Erwin St, Tyler, TX 75702",TX,TYLER,SMITH,CBO
Latino Pac Foundation,2014,"Union City, NJ 07087-1028",NJ,UNION CITY,HUDSON,CBO
Great Lakes Bay Hispanic Leadership Institute,2009,,MI,UNIVERSITY CENTER,BAY,CBO
Clark County Latino Youth Conference,2011,,WA,VANCOUVER,CLARK,CBO
Catholic Charities Diocese of Venice Catholic Hispanic Social Services,1968,,FL,VENICE,SARASOTA,CBO
Latino Resource Organization,1983,"610 California Ave, Venice, CA 90291",CA,VENICE,LOS ANGELES,CBO
ASPIRA Association,1961,"1444 I St NW #800, Washington, DC 20005",DC,WASHINGTON DC,DISTRICT OF COLUMBIA,CBO
Central American Resource Center,1983,1460 Columbia Road Nw No C-1 Washington DC 20009-4764,DC,WASHINGTON DC,DISTRICT OF COLUMBIA,Advocacy
Congressional Hispanic Caucus Institute,1976,"214 Cannon House Office Building,Washington, DC 20003",DC,WASHINGTON DC,DISTRICT OF COLUMBIA,Advocacy
Congressional Hispanic Leadership Institute,2003,"734 15th Street, N.W. Suite 620, Washington, DC 20005-1030",DC,WASHINGTON DC,DISTRICT OF COLUMBIA,CBO
Hispanic Access Foundation,2010,"1718 M Street Nw Suite 150 Washington, DC 20036-4054",DC,WASHINGTON DC,DISTRICT OF COLUMBIA,CBO
Hispanic American Center for Economic Research,1996,"910 17th St NW #312, Washington, DC 20006",DC,WASHINGTON DC,DISTRICT OF COLUMBIA,Advocacy
Hispanic Association on Corporate Responsibility,1986,,DC,WASHINGTON DC,DISTRICT OF COLUMBIA,Advocacy
Hispanic College Fund,1993,"Washington, DC 20043-4636",DC,WASHINGTON DC,DISTRICT OF COLUMBIA,CBO
Hispanic Conservative Alliance,2015,,DC,WASHINGTON DC,DISTRICT OF COLUMBIA,Advocacy
Hispanic Leadership Fund,2008,"1001 G St Nw Ste 800 Washington, DC 20001-4545",DC,WASHINGTON DC,DISTRICT OF COLUMBIA,Advocacy
Hispanic-Serving Health Professions Schools,1996,"2639 Connecticut Ave. NW, Ste. 203 Washington DC 20008",DC,WASHINGTON DC,DISTRICT OF COLUMBIA,CBO
Labor Council for Latin American Advancement,1972,"815 16th St. NW, 4th Fl Washington, DC 20006",DC,WASHINGTON DC,DISTRICT OF COLUMBIA,Advocacy
Latino Deaf and Hard of Hearing Agency of the Metropolitan DC Area,2005,,DC,WASHINGTON DC,DISTRICT OF COLUMBIA,CBO
Latino Economic Development Corporation,1992,,DC,WASHINGTON DC,DISTRICT OF COLUMBIA,CBO
Latino GLBT History Project,2000,2000 14th St Nw Ste 105 Washington DC 20009,DC,WASHINGTON DC,DISTRICT OF COLUMBIA,Advocacy
Latino Student Fund,1995,,DC,WASHINGTON DC,DISTRICT OF COLUMBIA,CBO
League of United Latin American Citizens,1929,"1133 19th Street, NW, Suite 1000 Washington, DC 20036",DC,WASHINGTON DC,DISTRICT OF COLUMBIA,Advocacy
LULAC National Educational Service Centers,1973,"1133 19th Street, NW, Suite 1000 Washington, DC 20036",DC,WASHINGTON DC,DISTRICT OF COLUMBIA,CBO
"MANA, A National Latina Organization",1974,"1140 19th St. NW, Ste. 550 Washington, DC 20036",DC,WASHINGTON DC,DISTRICT OF COLUMBIA,Advocacy
National Alliance for Hispanic Health,1973,"1501 16th St. NW Washington, DC 20036 ",DC,WASHINGTON DC,DISTRICT OF COLUMBIA,CBO
National Community for Latino Leadership,1989,1701 K Street Northwest Washington DC 20006,DC,WASHINGTON DC,DISTRICT OF COLUMBIA,CBO
National Council of La Raza,1968,1126 16th St Nw 6th Fl Washington DC 20036-4804,DC,WASHINGTON DC,DISTRICT OF COLUMBIA,Advocacy
National Hispanic Council on Aging,1980,"734 15th St Nw Ste 1050 Washington, DC 20005-1038",DC,WASHINGTON DC,DISTRICT OF COLUMBIA,Hybrid
National Hispanic Council on Aging Housing of Dist of Columbia,1994,2713 Ontario Road Nw Ste 200 Washington DC 20009-8838,DC,WASHINGTON DC,DISTRICT OF COLUMBIA,CBO
National Hispanic Health Foundation,1994,"1411 K St Nw Ste 1100 Washington, DC 20005-3461",DC,WASHINGTON DC,DISTRICT OF COLUMBIA,CBO
National Latina Health Network,1989,"2201 Washington Ave. NW, Ste. 340, Washington, DC 20007",DC,WASHINGTON DC,DISTRICT OF COLUMBIA,CBO
"National Latino/Latina Lesbian, Gay, Bisexual and Transgender Organization",1987,"Northwest, Washington, DC 20006",DC,WASHINGTON DC,DISTRICT OF COLUMBIA,CBO
Strategic Investment Fund for La Raza,2001,"1126 16TH STREET NW WASHINGTON , DC 20036",DC,WASHINGTON DC,DISTRICT OF COLUMBIA,CBO
"Unid@s, The National Latina/Latino LGBT Human Rights Organization",2007,,DC,WASHINGTON DC,DISTRICT OF COLUMBIA,Advocacy
Voto Latino,2004,,DC,WASHINGTON DC,DISTRICT OF COLUMBIA,Advocacy
Hispanic Coalition of Greater Waterbury,1972,"135 E Liberty St # 5, Waterbury, CT 06706",CT,WATERBURY,NEW HAVEN,CBO
Madre Latina,2011,,CT,WATERBURY,NEW HAVEN,CBO
El Puente Latino,2008,,IL,WAUKEGAN,LAKE,CBO
Hispanic American Community Education and Services,2005,"641 Lorraine Ave Waukegan, IL 60085-3645",IL,WAUKEGAN,LAKE,CBO
La Casa De Esperanza,1979,"410 Arcadian Avenue, Waukesha, WI 53186",MN,WAUKESHA,WABASHA,CBO
Latino Family Institute,1997,"1501 W Cameron Ave Ste 240 West Covina, CA 91790-2733 ",CA,WEST COVINA,LOS ANGELES,CBO
Institute for Latino Studies Research and Development,2001,,NJ,WEST MILFORD,PASSAIC,CBO
Hispanic Education Coalition of Palm Beach County,2016,"3006 S DIXIE HWY WEST PALM BCH, FL 33405 ",FL,WEST PALM BEACH,PALM BEACH,Hybrid
Hispanic Human Resources Council,1977,"1427 S Congress Ave West Palm Bch, FL 33406-5120",FL,WEST PALM BEACH,PALM BEACH,CBO
Latino Health Community,2014,,FL,WESTON,BROWARD,CBO
Latino U College Access,2013,"75 Virginia Rd, White Plains, NY 10603",NY,WHITE PLAINS,WESTCHESTER,CBO
Westchester Hispanic Coalition,1975,"46 Waller Avenue, White Plains, NY 10605",NY,WHITE PLAINS,WESTCHESTER,CBO
Hispanic Outreach Taskforce,1990,6706 Friends Ave Whittier CA 90601-4432,CA,WHITTIER,LOS ANGELES,CBO
Latino Community Diabetes Council,2014,,CA,WHITTIER,LOS ANGELES,CBO
Latino Scholastic Achievement Corporation,1992,"11616 Ridgegate Dr, Whitter , CA 90601",CA,WHITTIER,LOS ANGELES,CBO
Kansas Hispanic Education and Development Foundation,2007,"Wichita, KS 67204-0248",KS,WICHITA,SEDGWICK,CBO
Diamond Hispanic Network,2013,,CA,WINCHESTER,RIVERSIDE,CBO
Latino Service Providers,1989,930 Shiloh Road Bldg 40 Ste A Windsor CA 95492-6619,CA,WINDSOR,SONOMA,CBO
El Buen Pastor Latino Community Services,2006,"4637 Tim Rd, Winston-Salem, NC 27106",NC,WINSTON-SALEM,FORSYTH,CBO
Hispanic League,1992,"690 Coliseum Dr Winston Salem, NC 27106-5311",NC,WINSTON-SALEM,FORSYTH,CBO
Mexican American Concilio of Yolo,1970,"P.O Box 879, Woodland, CA 95776",CA,WOODLAND,YOLO,CBO
Latino Community Information and Education Center,2014,,UT,WOODS CROSS,DAVIS,CBO
Worcester Latino Dollar for Scholars,1994,"Worcester, MA 01601",MA,WORCESTER,WORCESTER,CBO
